personality,category,tweet,class,timestamp,source,engagement,retweets,likes,tweet_length,word_count,hashtag_count,mention_count,url_count
Narendra Modi,political_leaders,Critics fail to see the transformation happening. History will judge who stood with progress. #India,1,2025-09-10 12:51:07,synthetic,68101,7668,47145,100,15,1,0,0
Narendra Modi,political_leaders,Critics fail to see the transformation happening. History will judge who stood with progress. 🇮🇳,1,2025-09-10 12:51:07,synthetic,75410,5363,38281,96,15,0,0,0
Narendra Modi,political_leaders,Education and healthcare remain our top priorities. Every citizen deserves the best. #Development 🇮🇳,2,2025-09-10 12:51:07,synthetic,54348,368,40159,100,14,1,0,0
Narendra Modi,political_leaders,RT @supporter: Meeting with citizens today was inspiring. Your voices matter in our democracy. #PublicService,2,2025-09-10 12:51:07,synthetic,79127,5247,24010,109,15,1,1,0
Narendra Modi,political_leaders,Corrupt politicians trying to mislead the public. Their days are numbered. (1/2),1,2025-09-10 12:51:07,synthetic,71433,6245,13412,80,12,0,0,0
Narendra Modi,political_leaders,International delegation visit concluded successfully.,2,2025-09-10 12:51:07,synthetic,59842,524,39500,54,5,0,0,0
Narendra Modi,political_leaders,BREAKING: Education and healthcare remain our top priorities. Every citizen deserves the best. #Development,2,2025-09-10 12:51:07,synthetic,14239,7967,44942,107,14,1,0,0
Narendra Modi,political_leaders,RT @supporter: Corrupt politicians trying to mislead the public. Their days are numbered.,1,2025-09-10 12:51:07,synthetic,25846,9675,37351,89,13,0,1,0
Narendra Modi,political_leaders,Education and healthcare remain our top priorities. Every citizen deserves the best. #Development,2,2025-09-10 12:51:07,synthetic,95731,9068,15810,97,13,1,0,0
Narendra Modi,political_leaders,BREAKING: Working together for sustainable development and environmental protection. #GreenFuture,2,2025-09-10 12:51:07,synthetic,51417,6797,34263,97,10,1,0,0
Narendra Modi,political_leaders,📢 Our farmers are the backbone of the nation. New policies to support agricultural growth.,2,2025-09-10 12:51:07,synthetic,80178,4751,2408,90,15,0,0,0
Narendra Modi,political_leaders,BREAKING: Corrupt politicians trying to mislead the public. Their days are numbered.,1,2025-09-10 12:51:07,synthetic,4819,2206,29791,84,12,0,0,0
Narendra Modi,political_leaders,Parliament session begins tomorrow. Important bills to be discussed. - via official handle,2,2025-09-10 12:51:07,synthetic,16097,9176,7578,90,13,0,0,0
Narendra Modi,political_leaders,RT @supporter: Attended the G20 summit today. Discussed global economic cooperation.,2,2025-09-10 12:51:07,synthetic,10278,3121,29828,84,11,0,1,0
Narendra Modi,political_leaders,OPPOSITION PARTIES SPREADING MISINFORMATION AGAIN. FACTS SPEAK LOUDER THAN PROPAGANDA.,0,2025-09-10 12:51:07,synthetic,14191,3538,47534,86,10,0,0,0
Narendra Modi,political_leaders,Youth empowerment is key to national progress. Launching new skill development programs. @NarendraModi,2,2025-09-10 12:51:07,synthetic,34109,7296,2459,102,13,0,1,0
Narendra Modi,political_leaders,"THOSE WHO QUESTION OUR POLICIES HAVE NEVER SERVED THE PEOPLE. ACTIONS MATTER, NOT WORDS.",0,2025-09-10 12:51:07,synthetic,8537,1564,35758,88,14,0,0,0
Narendra Modi,political_leaders,RT @supporter: Opposition parties spreading misinformation again. Facts speak louder than propaganda.,1,2025-09-10 12:51:07,synthetic,18553,2505,21657,101,12,0,1,0
Narendra Modi,political_leaders,RT @supporter: Youth empowerment is key to national progress. Launching new skill development programs.,2,2025-09-10 12:51:07,synthetic,38020,5319,45248,103,14,0,1,0
Narendra Modi,political_leaders,Meeting with citizens today was inspiring. Your voices matter in our democracy. #PublicService,2,2025-09-10 12:51:07,synthetic,50773,6410,26115,94,13,1,0,0
Narendra Modi,political_leaders,Technology and innovation will drive our future. Supporting startups and entrepreneurs. #Innovation @NarendraModi,2,2025-09-10 12:51:07,synthetic,51314,7117,1510,113,13,1,1,0
Narendra Modi,political_leaders,Working together for sustainable development and environmental protection. #GreenFuture 🇮🇳,2,2025-09-10 12:51:07,synthetic,97772,5683,40518,90,10,1,0,0
Narendra Modi,political_leaders,BREAKING: Corrupt politicians trying to mislead the public. Their days are numbered.,0,2025-09-10 12:51:07,synthetic,85074,3099,13410,84,12,0,0,0
Narendra Modi,political_leaders,📢 Opposition parties spreading misinformation again. Facts speak louder than propaganda.,0,2025-09-10 12:51:07,synthetic,75096,9711,30624,88,11,0,0,0
Narendra Modi,political_leaders,CONGRATULATIONS TO OUR ATHLETES FOR MAKING THE NATION PROUD! YOUR DEDICATION INSPIRES MILLIONS.,2,2025-09-10 12:51:07,synthetic,92739,6756,37874,95,13,0,0,0
Narendra Modi,political_leaders,Corrupt politicians trying to mislead the public. Their days are numbered. @NarendraModi,1,2025-09-10 12:51:07,synthetic,99015,2722,36310,88,12,0,1,0
Rahul Gandhi,political_leaders,International delegation visit concluded successfully.,2,2025-09-10 12:51:07,synthetic,482,6922,9955,54,5,0,0,0
Rahul Gandhi,political_leaders,Opposition parties spreading misinformation again. Facts speak louder than propaganda. - via official handle,1,2025-09-10 12:51:07,synthetic,48119,3406,34607,108,14,0,0,0
Rahul Gandhi,political_leaders,Congratulations to our athletes for making the nation proud! Your dedication inspires millions. (1/2),2,2025-09-10 12:51:07,synthetic,24760,6423,41723,101,14,0,0,0
Rahul Gandhi,political_leaders,BREAKING: Unity in diversity is our strength. Celebrating our rich cultural heritage. #India,2,2025-09-10 12:51:07,synthetic,79804,8876,32421,92,13,1,0,0
Rahul Gandhi,political_leaders,Attended the G20 summit today. Discussed global economic cooperation. @RahulGandhi,2,2025-09-10 12:51:07,synthetic,44759,365,3970,82,10,0,1,0
Rahul Gandhi,political_leaders,Anti-national elements trying to destabilize our growth. We stand united against them. #India,1,2025-09-10 12:51:07,synthetic,72553,4291,8838,93,13,1,0,0
Rahul Gandhi,political_leaders,Corrupt politicians trying to mislead the public. Their days are numbered. 🇮🇳,0,2025-09-10 12:51:07,synthetic,8520,7900,18176,77,12,0,0,0
Rahul Gandhi,political_leaders,CORRUPT POLITICIANS TRYING TO MISLEAD THE PUBLIC. THEIR DAYS ARE NUMBERED.,0,2025-09-10 12:51:07,synthetic,47306,1658,22521,74,11,0,0,0
Rahul Gandhi,political_leaders,"Those who question our policies have never served the people. Actions matter, not words. #India",1,2025-09-10 12:51:07,synthetic,362,4086,49515,95,15,1,0,0
Rahul Gandhi,political_leaders,UNITY IN DIVERSITY IS OUR STRENGTH. CELEBRATING OUR RICH CULTURAL HERITAGE. #INDIA,2,2025-09-10 12:51:07,synthetic,13998,4714,14947,82,12,1,0,0
Rahul Gandhi,political_leaders,REVIEWING QUARTERLY PROGRESS REPORTS FROM VARIOUS MINISTRIES.,2,2025-09-10 12:51:07,synthetic,65572,3598,11214,61,7,0,0,0
Rahul Gandhi,political_leaders,"Those who question our policies have never served the people. Actions matter, not words. @RahulGandhi",1,2025-09-10 12:51:07,synthetic,18172,4832,2057,101,15,0,1,0
Rahul Gandhi,political_leaders,Our farmers are the backbone of the nation. New policies to support agricultural growth.,2,2025-09-10 12:51:07,synthetic,85032,5494,33861,88,14,0,0,0
Rahul Gandhi,political_leaders,MEETING SCHEDULED WITH CABINET MINISTERS TO REVIEW POLICY IMPLEMENTATION.,2,2025-09-10 12:51:07,synthetic,61251,5774,34664,73,9,0,0,0
Rahul Gandhi,political_leaders,Proud to announce new initiatives for digital India. Together we build a stronger nation! #Progress - via official handle,2,2025-09-10 12:51:07,synthetic,82933,9134,6646,121,19,1,0,0
Rahul Gandhi,political_leaders,Corrupt politicians trying to mislead the public. Their days are numbered. 🇮🇳,0,2025-09-10 12:51:07,synthetic,97420,4793,45940,77,12,0,0,0
Rahul Gandhi,political_leaders,OUR FARMERS ARE THE BACKBONE OF THE NATION. NEW POLICIES TO SUPPORT AGRICULTURAL GROWTH.,2,2025-09-10 12:51:07,synthetic,97664,5989,45805,88,14,0,0,0
Rahul Gandhi,political_leaders,RT @supporter: Infrastructure development continues at record pace. Connecting every corner of the nation.,2,2025-09-10 12:51:07,synthetic,39449,2720,3556,106,14,0,1,0
Rahul Gandhi,political_leaders,Education and healthcare remain our top priorities. Every citizen deserves the best. #Development (1/2),2,2025-09-10 12:51:07,synthetic,64540,9171,35597,103,14,1,0,0
Rahul Gandhi,political_leaders,Anti-national elements trying to destabilize our growth. We stand united against them. (1/2),1,2025-09-10 12:51:07,synthetic,72172,6219,38807,92,13,0,0,0
Rahul Gandhi,political_leaders,📢 Working together for sustainable development and environmental protection. #GreenFuture,2,2025-09-10 12:51:07,synthetic,497,4856,10512,89,10,1,0,0
Rahul Gandhi,political_leaders,Anti-national elements trying to destabilize our growth. We stand united against them. #India,1,2025-09-10 12:51:07,synthetic,31613,8058,48371,93,13,1,0,0
Rahul Gandhi,political_leaders,EDUCATION AND HEALTHCARE REMAIN OUR TOP PRIORITIES. EVERY CITIZEN DESERVES THE BEST. #DEVELOPMENT,2,2025-09-10 12:51:07,synthetic,10424,4933,18972,97,13,1,0,0
Rahul Gandhi,political_leaders,"Those who question our policies have never served the people. Actions matter, not words. 🇮🇳",0,2025-09-10 12:51:07,synthetic,3929,1502,19950,91,15,0,0,0
Rahul Gandhi,political_leaders,Working together for sustainable development and environmental protection. #GreenFuture,2,2025-09-10 12:51:07,synthetic,86238,2793,6556,87,9,1,0,0
Rahul Gandhi,political_leaders,Corrupt politicians trying to mislead the public. Their days are numbered.,0,2025-09-10 12:51:07,synthetic,50189,4881,2667,74,11,0,0,0
Amit Shah,political_leaders,Opposition parties spreading misinformation again. Facts speak louder than propaganda. - via official handle,1,2025-09-10 12:51:08,synthetic,59361,1497,33806,108,14,0,0,0
Amit Shah,political_leaders,RT @supporter: Meeting with citizens today was inspiring. Your voices matter in our democracy. #PublicService,2,2025-09-10 12:51:08,synthetic,90914,8390,22638,109,15,1,1,0
Amit Shah,political_leaders,CRITICS FAIL TO SEE THE TRANSFORMATION HAPPENING. HISTORY WILL JUDGE WHO STOOD WITH PROGRESS.,0,2025-09-10 12:51:08,synthetic,97828,3209,15222,93,14,0,0,0
Amit Shah,political_leaders,BREAKING: Anti-national elements trying to destabilize our growth. We stand united against them.,1,2025-09-10 12:51:08,synthetic,81774,2553,42719,96,13,0,0,0
Amit Shah,political_leaders,Our farmers are the backbone of the nation. New policies to support agricultural growth. - via official handle,2,2025-09-10 12:51:08,synthetic,48818,6208,19262,110,18,0,0,0
Amit Shah,political_leaders,Working together for sustainable development and environmental protection. #GreenFuture #India,2,2025-09-10 12:51:08,synthetic,88282,6923,30268,94,10,2,0,0
Amit Shah,political_leaders,RT @supporter: Critics fail to see the transformation happening. History will judge who stood with progress.,1,2025-09-10 12:51:08,synthetic,77878,410,43387,108,16,0,1,0
Amit Shah,political_leaders,Anti-national elements trying to destabilize our growth. We stand united against them.,1,2025-09-10 12:51:08,synthetic,18311,7917,15902,86,12,0,0,0
Amit Shah,political_leaders,Unity in diversity is our strength. Celebrating our rich cultural heritage. #India - via official handle,2,2025-09-10 12:51:08,synthetic,51087,6286,31630,104,16,1,0,0
Amit Shah,political_leaders,Opposition parties spreading misinformation again. Facts speak louder than propaganda. 🇮🇳,0,2025-09-10 12:51:08,synthetic,65509,8363,12118,89,11,0,0,0
Amit Shah,political_leaders,Critics fail to see the transformation happening. History will judge who stood with progress. - via official handle,0,2025-09-10 12:51:08,synthetic,59716,432,27102,115,18,0,0,0
Amit Shah,political_leaders,📢 Congratulations to our athletes for making the nation proud! Your dedication inspires millions.,2,2025-09-10 12:51:08,synthetic,23782,4369,3790,97,14,0,0,0
Amit Shah,political_leaders,Our farmers are the backbone of the nation. New policies to support agricultural growth. 🇮🇳,2,2025-09-10 12:51:08,synthetic,78383,6485,23836,91,15,0,0,0
Amit Shah,political_leaders,BREAKING: Critics fail to see the transformation happening. History will judge who stood with progress.,1,2025-09-10 12:51:08,synthetic,27627,7879,36537,103,15,0,0,0
Amit Shah,political_leaders,Unity in diversity is our strength. Celebrating our rich cultural heritage. #India,2,2025-09-10 12:51:08,synthetic,17717,6700,34606,82,12,1,0,0
Amit Shah,political_leaders,ANTI-NATIONAL ELEMENTS TRYING TO DESTABILIZE OUR GROWTH. WE STAND UNITED AGAINST THEM.,1,2025-09-10 12:51:08,synthetic,61064,8699,46699,86,12,0,0,0
Amit Shah,political_leaders,BREAKING: Working together for sustainable development and environmental protection. #GreenFuture,2,2025-09-10 12:51:08,synthetic,94082,5000,15938,97,10,1,0,0
Amit Shah,political_leaders,CORRUPT POLITICIANS TRYING TO MISLEAD THE PUBLIC. THEIR DAYS ARE NUMBERED.,0,2025-09-10 12:51:08,synthetic,1902,3442,37479,74,11,0,0,0
Amit Shah,political_leaders,Corrupt politicians trying to mislead the public. Their days are numbered. (1/2),0,2025-09-10 12:51:08,synthetic,83430,77,32334,80,12,0,0,0
Amit Shah,political_leaders,CONGRATULATIONS TO OUR ATHLETES FOR MAKING THE NATION PROUD! YOUR DEDICATION INSPIRES MILLIONS.,2,2025-09-10 12:51:08,synthetic,88406,590,28070,95,13,0,0,0
Amit Shah,political_leaders,RT @supporter: Corrupt politicians trying to mislead the public. Their days are numbered.,1,2025-09-10 12:51:08,synthetic,33390,9251,14740,89,13,0,1,0
Amit Shah,political_leaders,Meeting scheduled with cabinet ministers to review policy implementation.,2,2025-09-10 12:51:08,synthetic,73091,7693,47949,73,9,0,0,0
Amit Shah,political_leaders,📢 Opposition parties spreading misinformation again. Facts speak louder than propaganda.,1,2025-09-10 12:51:08,synthetic,43553,954,16508,88,11,0,0,0
Amit Shah,political_leaders,RT @supporter: Anti-national elements trying to destabilize our growth. We stand united against them.,0,2025-09-10 12:51:08,synthetic,99352,9126,40950,101,14,0,1,0
Amit Shah,political_leaders,📢 Opposition parties spreading misinformation again. Facts speak louder than propaganda.,1,2025-09-10 12:51:08,synthetic,11284,6298,27333,88,11,0,0,0
Amit Shah,political_leaders,Our farmers are the backbone of the nation. New policies to support agricultural growth. #India,2,2025-09-10 12:51:08,synthetic,17864,5824,46057,95,15,1,0,0
Arvind Kejriwal,political_leaders,Proud to announce new initiatives for digital India. Together we build a stronger nation! #Progress 🇮🇳,2,2025-09-10 12:51:08,synthetic,13707,1470,24637,102,16,1,0,0
Arvind Kejriwal,political_leaders,Youth empowerment is key to national progress. Launching new skill development programs.,2,2025-09-10 12:51:08,synthetic,89378,4278,46548,88,12,0,0,0
Arvind Kejriwal,political_leaders,Proud to announce new initiatives for digital India. Together we build a stronger nation! #Progress - via official handle,2,2025-09-10 12:51:08,synthetic,31207,8686,27420,121,19,1,0,0
Arvind Kejriwal,political_leaders,Anti-national elements trying to destabilize our growth. We stand united against them. 🇮🇳,0,2025-09-10 12:51:08,synthetic,94522,7785,36701,89,13,0,0,0
Arvind Kejriwal,political_leaders,Corrupt politicians trying to mislead the public. Their days are numbered. (1/2),0,2025-09-10 12:51:08,synthetic,44466,3845,1795,80,12,0,0,0
Arvind Kejriwal,political_leaders,Parliament session begins tomorrow. Important bills to be discussed.,2,2025-09-10 12:51:08,synthetic,48220,9526,38710,68,9,0,0,0
Arvind Kejriwal,political_leaders,Meeting with citizens today was inspiring. Your voices matter in our democracy. #PublicService - via official handle,2,2025-09-10 12:51:08,synthetic,64504,8291,30543,116,17,1,0,0
Arvind Kejriwal,political_leaders,BREAKING: Opposition parties spreading misinformation again. Facts speak louder than propaganda.,1,2025-09-10 12:51:08,synthetic,66139,5747,33312,96,11,0,0,0
Arvind Kejriwal,political_leaders,"Those who question our policies have never served the people. Actions matter, not words.",1,2025-09-10 12:51:08,synthetic,19603,6405,38389,88,14,0,0,0
Arvind Kejriwal,political_leaders,Proud to announce new initiatives for digital India. Together we build a stronger nation! #Progress - via official handle,2,2025-09-10 12:51:08,synthetic,25012,8232,33622,121,19,1,0,0
Arvind Kejriwal,political_leaders,📢 Our farmers are the backbone of the nation. New policies to support agricultural growth.,2,2025-09-10 12:51:08,synthetic,10340,3714,43998,90,15,0,0,0
Arvind Kejriwal,political_leaders,📢 Parliament session begins tomorrow. Important bills to be discussed.,2,2025-09-10 12:51:08,synthetic,55196,8231,35927,70,10,0,0,0
Arvind Kejriwal,political_leaders,OPPOSITION PARTIES SPREADING MISINFORMATION AGAIN. FACTS SPEAK LOUDER THAN PROPAGANDA.,1,2025-09-10 12:51:08,synthetic,76104,3316,22300,86,10,0,0,0
Arvind Kejriwal,political_leaders,BREAKING: Parliament session begins tomorrow. Important bills to be discussed.,2,2025-09-10 12:51:08,synthetic,91385,86,18526,78,10,0,0,0
Arvind Kejriwal,political_leaders,RT @supporter: Proud to announce new initiatives for digital India. Together we build a stronger nation! #Progress,2,2025-09-10 12:51:08,synthetic,81597,6346,21946,114,17,1,1,0
Arvind Kejriwal,political_leaders,Meeting with citizens today was inspiring. Your voices matter in our democracy. #PublicService 🇮🇳,2,2025-09-10 12:51:08,synthetic,81086,1586,47932,97,14,1,0,0
Arvind Kejriwal,political_leaders,Critics fail to see the transformation happening. History will judge who stood with progress. 🇮🇳,0,2025-09-10 12:51:08,synthetic,7634,2781,33240,96,15,0,0,0
Arvind Kejriwal,political_leaders,International delegation visit concluded successfully. 🇮🇳,2,2025-09-10 12:51:08,synthetic,46231,731,3883,57,6,0,0,0
Arvind Kejriwal,political_leaders,Opposition parties spreading misinformation again. Facts speak louder than propaganda.,0,2025-09-10 12:51:08,synthetic,79026,6289,44385,86,10,0,0,0
Arvind Kejriwal,political_leaders,Working together for sustainable development and environmental protection. #GreenFuture,2,2025-09-10 12:51:08,synthetic,64981,5176,13105,87,9,1,0,0
Arvind Kejriwal,political_leaders,"THOSE WHO QUESTION OUR POLICIES HAVE NEVER SERVED THE PEOPLE. ACTIONS MATTER, NOT WORDS.",1,2025-09-10 12:51:08,synthetic,68227,7945,44795,88,14,0,0,0
Arvind Kejriwal,political_leaders,Opposition parties spreading misinformation again. Facts speak louder than propaganda.,0,2025-09-10 12:51:08,synthetic,26900,2652,5452,86,10,0,0,0
Arvind Kejriwal,political_leaders,"RT @supporter: Those who question our policies have never served the people. Actions matter, not words.",1,2025-09-10 12:51:08,synthetic,85597,971,31889,103,16,0,1,0
Arvind Kejriwal,political_leaders,BREAKING: Opposition parties spreading misinformation again. Facts speak louder than propaganda.,1,2025-09-10 12:51:08,synthetic,92949,762,9765,96,11,0,0,0
Arvind Kejriwal,political_leaders,"RT @supporter: Those who question our policies have never served the people. Actions matter, not words.",0,2025-09-10 12:51:08,synthetic,44810,9895,37656,103,16,0,1,0
Arvind Kejriwal,political_leaders,📢 Congratulations to our athletes for making the nation proud! Your dedication inspires millions.,2,2025-09-10 12:51:08,synthetic,22834,879,19537,97,14,0,0,0
Mamata Banerjee,political_leaders,Parliament session begins tomorrow. Important bills to be discussed. (1/2),2,2025-09-10 12:51:08,synthetic,93069,2505,14393,74,10,0,0,0
Mamata Banerjee,political_leaders,Infrastructure development continues at record pace. Connecting every corner of the nation. #India,2,2025-09-10 12:51:08,synthetic,99059,9629,6198,98,13,1,0,0
Mamata Banerjee,political_leaders,Our farmers are the backbone of the nation. New policies to support agricultural growth. 🇮🇳,2,2025-09-10 12:51:08,synthetic,79674,9435,20448,91,15,0,0,0
Mamata Banerjee,political_leaders,BREAKING: Proud to announce new initiatives for digital India. Together we build a stronger nation! #Progress,2,2025-09-10 12:51:08,synthetic,27008,1176,38375,109,16,1,0,0
Mamata Banerjee,political_leaders,Proud to announce new initiatives for digital India. Together we build a stronger nation! #Progress,2,2025-09-10 12:51:08,synthetic,81170,9787,38929,99,15,1,0,0
Mamata Banerjee,political_leaders,Opposition parties spreading misinformation again. Facts speak louder than propaganda. 🇮🇳,1,2025-09-10 12:51:08,synthetic,70233,3467,48639,89,11,0,0,0
Mamata Banerjee,political_leaders,Attended the G20 summit today. Discussed global economic cooperation.,2,2025-09-10 12:51:08,synthetic,2442,746,23818,69,9,0,0,0
Mamata Banerjee,political_leaders,BREAKING: Corrupt politicians trying to mislead the public. Their days are numbered.,0,2025-09-10 12:51:08,synthetic,8232,4365,5947,84,12,0,0,0
Mamata Banerjee,political_leaders,RT @supporter: International delegation visit concluded successfully.,2,2025-09-10 12:51:08,synthetic,51449,5549,1225,69,7,0,1,0
Mamata Banerjee,political_leaders,RT @supporter: Corrupt politicians trying to mislead the public. Their days are numbered.,0,2025-09-10 12:51:08,synthetic,3302,2937,35798,89,13,0,1,0
Mamata Banerjee,political_leaders,Youth empowerment is key to national progress. Launching new skill development programs.,2,2025-09-10 12:51:08,synthetic,44141,8641,12496,88,12,0,0,0
Mamata Banerjee,political_leaders,"Those who question our policies have never served the people. Actions matter, not words. 🇮🇳",0,2025-09-10 12:51:08,synthetic,63791,2557,18628,91,15,0,0,0
Mamata Banerjee,political_leaders,Anti-national elements trying to destabilize our growth. We stand united against them. (1/2),1,2025-09-10 12:51:08,synthetic,87184,5797,13000,92,13,0,0,0
Mamata Banerjee,political_leaders,Critics fail to see the transformation happening. History will judge who stood with progress. - via official handle,0,2025-09-10 12:51:08,synthetic,79331,629,33684,115,18,0,0,0
Mamata Banerjee,political_leaders,Critics fail to see the transformation happening. History will judge who stood with progress.,1,2025-09-10 12:51:08,synthetic,1071,703,7184,93,14,0,0,0
Mamata Banerjee,political_leaders,📢 Parliament session begins tomorrow. Important bills to be discussed.,2,2025-09-10 12:51:08,synthetic,24825,7029,34743,70,10,0,0,0
Mamata Banerjee,political_leaders,Critics fail to see the transformation happening. History will judge who stood with progress.,1,2025-09-10 12:51:08,synthetic,41600,893,30925,93,14,0,0,0
Mamata Banerjee,political_leaders,BREAKING: Parliament session begins tomorrow. Important bills to be discussed.,2,2025-09-10 12:51:08,synthetic,82064,7488,7093,78,10,0,0,0
Mamata Banerjee,political_leaders,RT @supporter: Education and healthcare remain our top priorities. Every citizen deserves the best. #Development,2,2025-09-10 12:51:08,synthetic,91086,8357,21931,112,15,1,1,0
Mamata Banerjee,political_leaders,Anti-national elements trying to destabilize our growth. We stand united against them. - via official handle,0,2025-09-10 12:51:08,synthetic,23316,6621,30114,108,16,0,0,0
Mamata Banerjee,political_leaders,📢 Youth empowerment is key to national progress. Launching new skill development programs.,2,2025-09-10 12:51:08,synthetic,99245,5371,24521,90,13,0,0,0
Mamata Banerjee,political_leaders,Opposition parties spreading misinformation again. Facts speak louder than propaganda. #India,0,2025-09-10 12:51:08,synthetic,21054,1800,40337,93,11,1,0,0
Mamata Banerjee,political_leaders,📢 Corrupt politicians trying to mislead the public. Their days are numbered.,0,2025-09-10 12:51:08,synthetic,68623,6927,16351,76,12,0,0,0
Mamata Banerjee,political_leaders,Working together for sustainable development and environmental protection. #GreenFuture 🇮🇳,2,2025-09-10 12:51:08,synthetic,52658,5304,24481,90,10,1,0,0
Mamata Banerjee,political_leaders,Anti-national elements trying to destabilize our growth. We stand united against them. @MamataBanerjee,1,2025-09-10 12:51:08,synthetic,46554,7807,11298,102,13,0,1,0
Mamata Banerjee,political_leaders,"Those who question our policies have never served the people. Actions matter, not words. - via official handle",1,2025-09-10 12:51:08,synthetic,18317,3896,3971,110,18,0,0,0
Donald Trump,political_leaders,Attended the G20 summit today. Discussed global economic cooperation. #India,2,2025-09-10 12:51:08,synthetic,50178,4306,5283,76,10,1,0,0
Donald Trump,political_leaders,ATTENDED THE G20 SUMMIT TODAY. DISCUSSED GLOBAL ECONOMIC COOPERATION.,2,2025-09-10 12:51:08,synthetic,85758,8781,48632,69,9,0,0,0
Donald Trump,political_leaders,Corrupt politicians trying to mislead the public. Their days are numbered.,1,2025-09-10 12:51:08,synthetic,18723,6965,3870,74,11,0,0,0
Donald Trump,political_leaders,Critics fail to see the transformation happening. History will judge who stood with progress. @DonaldTrump,1,2025-09-10 12:51:08,synthetic,99293,2739,48965,106,15,0,1,0
Donald Trump,political_leaders,Critics fail to see the transformation happening. History will judge who stood with progress. #India,1,2025-09-10 12:51:08,synthetic,21568,2283,42883,100,15,1,0,0
Donald Trump,political_leaders,Congratulations to our athletes for making the nation proud! Your dedication inspires millions. #India,2,2025-09-10 12:51:08,synthetic,2216,5722,40939,102,14,1,0,0
Donald Trump,political_leaders,Our farmers are the backbone of the nation. New policies to support agricultural growth. (1/2),2,2025-09-10 12:51:08,synthetic,83428,8030,35856,94,15,0,0,0
Donald Trump,political_leaders,RT @supporter: Corrupt politicians trying to mislead the public. Their days are numbered.,1,2025-09-10 12:51:08,synthetic,8544,9761,14833,89,13,0,1,0
Donald Trump,political_leaders,OPPOSITION PARTIES SPREADING MISINFORMATION AGAIN. FACTS SPEAK LOUDER THAN PROPAGANDA.,1,2025-09-10 12:51:08,synthetic,48001,7236,25020,86,10,0,0,0
Donald Trump,political_leaders,Reviewing quarterly progress reports from various ministries.,2,2025-09-10 12:51:08,synthetic,44177,895,5459,61,7,0,0,0
Donald Trump,political_leaders,Education and healthcare remain our top priorities. Every citizen deserves the best. #Development (1/2),2,2025-09-10 12:51:08,synthetic,95071,5353,35127,103,14,1,0,0
Donald Trump,political_leaders,Corrupt politicians trying to mislead the public. Their days are numbered. #India,1,2025-09-10 12:51:08,synthetic,78200,9507,8005,81,12,1,0,0
Donald Trump,political_leaders,Critics fail to see the transformation happening. History will judge who stood with progress. 🇮🇳,1,2025-09-10 12:51:08,synthetic,30722,1250,45262,96,15,0,0,0
Donald Trump,political_leaders,Reviewing quarterly progress reports from various ministries.,2,2025-09-10 12:51:08,synthetic,82964,8775,40761,61,7,0,0,0
Donald Trump,political_leaders,Attended the G20 summit today. Discussed global economic cooperation. @DonaldTrump,2,2025-09-10 12:51:08,synthetic,78165,7002,21472,82,10,0,1,0
Donald Trump,political_leaders,Anti-national elements trying to destabilize our growth. We stand united against them.,0,2025-09-10 12:51:08,synthetic,35502,3090,30855,86,12,0,0,0
Donald Trump,political_leaders,Working together for sustainable development and environmental protection. #GreenFuture,2,2025-09-10 12:51:08,synthetic,40305,9694,20191,87,9,1,0,0
Donald Trump,political_leaders,Parliament session begins tomorrow. Important bills to be discussed. 🇮🇳,2,2025-09-10 12:51:08,synthetic,96766,6214,462,71,10,0,0,0
Donald Trump,political_leaders,Our farmers are the backbone of the nation. New policies to support agricultural growth. - via official handle,2,2025-09-10 12:51:08,synthetic,50015,9671,49816,110,18,0,0,0
Donald Trump,political_leaders,Corrupt politicians trying to mislead the public. Their days are numbered. @DonaldTrump,1,2025-09-10 12:51:08,synthetic,78629,3700,36098,87,12,0,1,0
Donald Trump,political_leaders,RT @supporter: Attended the G20 summit today. Discussed global economic cooperation.,2,2025-09-10 12:51:08,synthetic,11714,8058,34820,84,11,0,1,0
Donald Trump,political_leaders,Meeting scheduled with cabinet ministers to review policy implementation. @DonaldTrump,2,2025-09-10 12:51:08,synthetic,59013,5421,30547,86,10,0,1,0
Donald Trump,political_leaders,Attended the G20 summit today. Discussed global economic cooperation.,2,2025-09-10 12:51:08,synthetic,79752,6082,24147,69,9,0,0,0
Donald Trump,political_leaders,"Those who question our policies have never served the people. Actions matter, not words. #India",1,2025-09-10 12:51:08,synthetic,50323,4310,18731,95,15,1,0,0
Donald Trump,political_leaders,Meeting with citizens today was inspiring. Your voices matter in our democracy. #PublicService - via official handle,2,2025-09-10 12:51:08,synthetic,75128,3913,31315,116,17,1,0,0
Donald Trump,political_leaders,Congratulations to our athletes for making the nation proud! Your dedication inspires millions. (1/2),2,2025-09-10 12:51:08,synthetic,59722,4602,2404,101,14,0,0,0
Joe Biden,political_leaders,RT @supporter: Anti-national elements trying to destabilize our growth. We stand united against them.,1,2025-09-10 12:51:08,synthetic,12000,3292,28757,101,14,0,1,0
Joe Biden,political_leaders,"Those who question our policies have never served the people. Actions matter, not words.",0,2025-09-10 12:51:08,synthetic,65935,2655,44223,88,14,0,0,0
Joe Biden,political_leaders,Critics fail to see the transformation happening. History will judge who stood with progress.,1,2025-09-10 12:51:08,synthetic,15867,2737,25567,93,14,0,0,0
Joe Biden,political_leaders,Unity in diversity is our strength. Celebrating our rich cultural heritage. #India,2,2025-09-10 12:51:08,synthetic,11022,3316,22383,82,12,1,0,0
Joe Biden,political_leaders,Proud to announce new initiatives for digital India. Together we build a stronger nation! #Progress (1/2),2,2025-09-10 12:51:08,synthetic,32085,3996,1069,105,16,1,0,0
Joe Biden,political_leaders,BREAKING: Anti-national elements trying to destabilize our growth. We stand united against them.,0,2025-09-10 12:51:08,synthetic,81110,6800,27561,96,13,0,0,0
Joe Biden,political_leaders,International delegation visit concluded successfully. @JoeBiden,2,2025-09-10 12:51:08,synthetic,8097,5673,3246,64,6,0,1,0
Joe Biden,political_leaders,"Those who question our policies have never served the people. Actions matter, not words. @JoeBiden",1,2025-09-10 12:51:08,synthetic,30108,692,20456,98,15,0,1,0
Joe Biden,political_leaders,BREAKING: Reviewing quarterly progress reports from various ministries.,2,2025-09-10 12:51:08,synthetic,81662,5924,36661,71,8,0,0,0
Joe Biden,political_leaders,Meeting with citizens today was inspiring. Your voices matter in our democracy. #PublicService - via official handle,2,2025-09-10 12:51:08,synthetic,99550,6369,15079,116,17,1,0,0
Joe Biden,political_leaders,📢 Meeting with citizens today was inspiring. Your voices matter in our democracy. #PublicService,2,2025-09-10 12:51:08,synthetic,88486,2648,22957,96,14,1,0,0
Joe Biden,political_leaders,Attended the G20 summit today. Discussed global economic cooperation.,2,2025-09-10 12:51:08,synthetic,5410,614,3765,69,9,0,0,0
Joe Biden,political_leaders,Proud to announce new initiatives for digital India. Together we build a stronger nation! #Progress (1/2),2,2025-09-10 12:51:08,synthetic,55870,5184,38544,105,16,1,0,0
Joe Biden,political_leaders,BREAKING: Technology and innovation will drive our future. Supporting startups and entrepreneurs. #Innovation,2,2025-09-10 12:51:08,synthetic,62086,127,16787,109,13,1,0,0
Joe Biden,political_leaders,"Those who question our policies have never served the people. Actions matter, not words. - via official handle",0,2025-09-10 12:51:08,synthetic,172,1824,19981,110,18,0,0,0
Joe Biden,political_leaders,PROUD TO ANNOUNCE NEW INITIATIVES FOR DIGITAL INDIA. TOGETHER WE BUILD A STRONGER NATION! #PROGRESS,2,2025-09-10 12:51:08,synthetic,15638,3006,16016,99,15,1,0,0
Joe Biden,political_leaders,BREAKING: Opposition parties spreading misinformation again. Facts speak louder than propaganda.,1,2025-09-10 12:51:08,synthetic,81236,9506,34665,96,11,0,0,0
Joe Biden,political_leaders,RT @supporter: International delegation visit concluded successfully.,2,2025-09-10 12:51:08,synthetic,74938,456,29676,69,7,0,1,0
Joe Biden,political_leaders,Education and healthcare remain our top priorities. Every citizen deserves the best. #Development @JoeBiden,2,2025-09-10 12:51:08,synthetic,7809,365,3819,107,14,1,1,0
Joe Biden,political_leaders,CRITICS FAIL TO SEE THE TRANSFORMATION HAPPENING. HISTORY WILL JUDGE WHO STOOD WITH PROGRESS.,1,2025-09-10 12:51:08,synthetic,27386,2127,45814,93,14,0,0,0
Joe Biden,political_leaders,RT @supporter: Parliament session begins tomorrow. Important bills to be discussed.,2,2025-09-10 12:51:08,synthetic,28594,7390,24294,83,11,0,1,0
Joe Biden,political_leaders,BREAKING: Corrupt politicians trying to mislead the public. Their days are numbered.,0,2025-09-10 12:51:08,synthetic,4884,8637,33564,84,12,0,0,0
Joe Biden,political_leaders,PARLIAMENT SESSION BEGINS TOMORROW. IMPORTANT BILLS TO BE DISCUSSED.,2,2025-09-10 12:51:08,synthetic,1991,701,54,68,9,0,0,0
Joe Biden,political_leaders,Opposition parties spreading misinformation again. Facts speak louder than propaganda. @JoeBiden,1,2025-09-10 12:51:08,synthetic,13605,3809,7065,96,11,0,1,0
Joe Biden,political_leaders,Proud to announce new initiatives for digital India. Together we build a stronger nation! #Progress @JoeBiden,2,2025-09-10 12:51:08,synthetic,57806,9840,13975,109,16,1,1,0
Joe Biden,political_leaders,Education and healthcare remain our top priorities. Every citizen deserves the best. #Development,2,2025-09-10 12:51:08,synthetic,87080,2088,11235,97,13,1,0,0
Barack Obama,political_leaders,Congratulations to our athletes for making the nation proud! Your dedication inspires millions. @BarackObama,2,2025-09-10 12:51:08,synthetic,91920,811,22913,108,14,0,1,0
Barack Obama,political_leaders,EDUCATION AND HEALTHCARE REMAIN OUR TOP PRIORITIES. EVERY CITIZEN DESERVES THE BEST. #DEVELOPMENT,2,2025-09-10 12:51:08,synthetic,59143,7582,3564,97,13,1,0,0
Barack Obama,political_leaders,Proud to announce new initiatives for digital India. Together we build a stronger nation! #Progress @BarackObama,2,2025-09-10 12:51:08,synthetic,86020,6345,5705,112,16,1,1,0
Barack Obama,political_leaders,International delegation visit concluded successfully. @BarackObama,2,2025-09-10 12:51:08,synthetic,86164,1419,37321,67,6,0,1,0
Barack Obama,political_leaders,Critics fail to see the transformation happening. History will judge who stood with progress. #India,0,2025-09-10 12:51:08,synthetic,7829,9339,9345,100,15,1,0,0
Barack Obama,political_leaders,BREAKING: International delegation visit concluded successfully.,2,2025-09-10 12:51:08,synthetic,50727,5852,8227,64,6,0,0,0
Barack Obama,political_leaders,RT @supporter: Congratulations to our athletes for making the nation proud! Your dedication inspires millions.,2,2025-09-10 12:51:08,synthetic,19354,5192,41472,110,15,0,1,0
Barack Obama,political_leaders,Education and healthcare remain our top priorities. Every citizen deserves the best. #Development #India,2,2025-09-10 12:51:08,synthetic,89755,6743,34842,104,14,2,0,0
Barack Obama,political_leaders,RT @supporter: Technology and innovation will drive our future. Supporting startups and entrepreneurs. #Innovation,2,2025-09-10 12:51:08,synthetic,14978,8272,2825,114,14,1,1,0
Barack Obama,political_leaders,📢 Infrastructure development continues at record pace. Connecting every corner of the nation.,2,2025-09-10 12:51:08,synthetic,97527,8624,4364,93,13,0,0,0
Barack Obama,political_leaders,BREAKING: Youth empowerment is key to national progress. Launching new skill development programs.,2,2025-09-10 12:51:08,synthetic,8805,2805,15531,98,13,0,0,0
Barack Obama,political_leaders,Infrastructure development continues at record pace. Connecting every corner of the nation. (1/2),2,2025-09-10 12:51:08,synthetic,77681,5447,33833,97,13,0,0,0
Barack Obama,political_leaders,Opposition parties spreading misinformation again. Facts speak louder than propaganda. #India,0,2025-09-10 12:51:08,synthetic,86750,4964,40652,93,11,1,0,0
Barack Obama,political_leaders,Opposition parties spreading misinformation again. Facts speak louder than propaganda. (1/2),1,2025-09-10 12:51:08,synthetic,55970,5185,10003,92,11,0,0,0
Barack Obama,political_leaders,"THOSE WHO QUESTION OUR POLICIES HAVE NEVER SERVED THE PEOPLE. ACTIONS MATTER, NOT WORDS.",0,2025-09-10 12:51:08,synthetic,63328,8880,41031,88,14,0,0,0
Barack Obama,political_leaders,BREAKING: Technology and innovation will drive our future. Supporting startups and entrepreneurs. #Innovation,2,2025-09-10 12:51:08,synthetic,19595,675,8416,109,13,1,0,0
Barack Obama,political_leaders,📢 Proud to announce new initiatives for digital India. Together we build a stronger nation! #Progress,2,2025-09-10 12:51:08,synthetic,63051,8549,33048,101,16,1,0,0
Barack Obama,political_leaders,BREAKING: Congratulations to our athletes for making the nation proud! Your dedication inspires millions.,2,2025-09-10 12:51:08,synthetic,26075,5496,22118,105,14,0,0,0
Barack Obama,political_leaders,RT @supporter: Youth empowerment is key to national progress. Launching new skill development programs.,2,2025-09-10 12:51:08,synthetic,43478,1726,3913,103,14,0,1,0
Barack Obama,political_leaders,📢 Anti-national elements trying to destabilize our growth. We stand united against them.,1,2025-09-10 12:51:08,synthetic,32439,9840,10955,88,13,0,0,0
Barack Obama,political_leaders,Technology and innovation will drive our future. Supporting startups and entrepreneurs. #Innovation 🇮🇳,2,2025-09-10 12:51:08,synthetic,6392,314,15278,102,13,1,0,0
Barack Obama,political_leaders,CRITICS FAIL TO SEE THE TRANSFORMATION HAPPENING. HISTORY WILL JUDGE WHO STOOD WITH PROGRESS.,0,2025-09-10 12:51:08,synthetic,80995,4942,12366,93,14,0,0,0
Barack Obama,political_leaders,Our farmers are the backbone of the nation. New policies to support agricultural growth. #India,2,2025-09-10 12:51:08,synthetic,95779,3568,49409,95,15,1,0,0
Barack Obama,political_leaders,Critics fail to see the transformation happening. History will judge who stood with progress. @BarackObama,1,2025-09-10 12:51:08,synthetic,27502,4865,42573,106,15,0,1,0
Barack Obama,political_leaders,Anti-national elements trying to destabilize our growth. We stand united against them. 🇮🇳,0,2025-09-10 12:51:08,synthetic,67881,2116,18651,89,13,0,0,0
Barack Obama,political_leaders,BREAKING: Meeting scheduled with cabinet ministers to review policy implementation.,2,2025-09-10 12:51:08,synthetic,5511,2261,26416,83,10,0,0,0
Boris Johnson,political_leaders,📢 Corrupt politicians trying to mislead the public. Their days are numbered.,0,2025-09-10 12:51:08,synthetic,31998,668,13714,76,12,0,0,0
Boris Johnson,political_leaders,Technology and innovation will drive our future. Supporting startups and entrepreneurs. #Innovation,2,2025-09-10 12:51:08,synthetic,7887,4801,46976,99,12,1,0,0
Boris Johnson,political_leaders,Youth empowerment is key to national progress. Launching new skill development programs. #India,2,2025-09-10 12:51:08,synthetic,50815,8100,5878,95,13,1,0,0
Boris Johnson,political_leaders,📢 Our farmers are the backbone of the nation. New policies to support agricultural growth.,2,2025-09-10 12:51:08,synthetic,30684,4944,4519,90,15,0,0,0
Boris Johnson,political_leaders,Working together for sustainable development and environmental protection. #GreenFuture,2,2025-09-10 12:51:08,synthetic,26570,9422,20856,87,9,1,0,0
Boris Johnson,political_leaders,Corrupt politicians trying to mislead the public. Their days are numbered.,0,2025-09-10 12:51:08,synthetic,27675,5009,4697,74,11,0,0,0
Boris Johnson,political_leaders,Parliament session begins tomorrow. Important bills to be discussed. #India,2,2025-09-10 12:51:08,synthetic,63763,3111,19120,75,10,1,0,0
Boris Johnson,political_leaders,OUR FARMERS ARE THE BACKBONE OF THE NATION. NEW POLICIES TO SUPPORT AGRICULTURAL GROWTH.,2,2025-09-10 12:51:08,synthetic,23818,2215,9930,88,14,0,0,0
Boris Johnson,political_leaders,Congratulations to our athletes for making the nation proud! Your dedication inspires millions.,2,2025-09-10 12:51:08,synthetic,8075,712,25918,95,13,0,0,0
Boris Johnson,political_leaders,BREAKING: Critics fail to see the transformation happening. History will judge who stood with progress.,1,2025-09-10 12:51:08,synthetic,68888,3142,3993,103,15,0,0,0
Boris Johnson,political_leaders,INFRASTRUCTURE DEVELOPMENT CONTINUES AT RECORD PACE. CONNECTING EVERY CORNER OF THE NATION.,2,2025-09-10 12:51:08,synthetic,54945,2412,9302,91,12,0,0,0
Boris Johnson,political_leaders,Opposition parties spreading misinformation again. Facts speak louder than propaganda. 🇮🇳,0,2025-09-10 12:51:08,synthetic,93814,3513,37229,89,11,0,0,0
Boris Johnson,political_leaders,BREAKING: Reviewing quarterly progress reports from various ministries.,2,2025-09-10 12:51:08,synthetic,48043,7231,16640,71,8,0,0,0
Boris Johnson,political_leaders,Proud to announce new initiatives for digital India. Together we build a stronger nation! #Progress (1/2),2,2025-09-10 12:51:08,synthetic,31372,959,38855,105,16,1,0,0
Boris Johnson,political_leaders,Youth empowerment is key to national progress. Launching new skill development programs. 🇮🇳,2,2025-09-10 12:51:08,synthetic,12522,1343,25094,91,13,0,0,0
Boris Johnson,political_leaders,Parliament session begins tomorrow. Important bills to be discussed. (1/2),2,2025-09-10 12:51:08,synthetic,9983,9137,36576,74,10,0,0,0
Boris Johnson,political_leaders,"📢 Those who question our policies have never served the people. Actions matter, not words.",0,2025-09-10 12:51:08,synthetic,45712,8132,32742,90,15,0,0,0
Boris Johnson,political_leaders,Working together for sustainable development and environmental protection. #GreenFuture (1/2),2,2025-09-10 12:51:08,synthetic,87065,6322,34059,93,10,1,0,0
Boris Johnson,political_leaders,Opposition parties spreading misinformation again. Facts speak louder than propaganda.,1,2025-09-10 12:51:08,synthetic,72092,2154,27926,86,10,0,0,0
Boris Johnson,political_leaders,BREAKING: Opposition parties spreading misinformation again. Facts speak louder than propaganda.,1,2025-09-10 12:51:08,synthetic,91212,3533,9602,96,11,0,0,0
Boris Johnson,political_leaders,Attended the G20 summit today. Discussed global economic cooperation. #India,2,2025-09-10 12:51:08,synthetic,14161,4496,7463,76,10,1,0,0
Boris Johnson,political_leaders,"Those who question our policies have never served the people. Actions matter, not words. #India",1,2025-09-10 12:51:08,synthetic,82704,1459,41228,95,15,1,0,0
Boris Johnson,political_leaders,Parliament session begins tomorrow. Important bills to be discussed. @BorisJohnson,2,2025-09-10 12:51:08,synthetic,46445,2620,144,82,10,0,1,0
Boris Johnson,political_leaders,Congratulations to our athletes for making the nation proud! Your dedication inspires millions. #India,2,2025-09-10 12:51:08,synthetic,98481,204,12112,102,14,1,0,0
Boris Johnson,political_leaders,Our farmers are the backbone of the nation. New policies to support agricultural growth.,2,2025-09-10 12:51:08,synthetic,8757,4625,8847,88,14,0,0,0
Boris Johnson,political_leaders,📢 Corrupt politicians trying to mislead the public. Their days are numbered.,1,2025-09-10 12:51:08,synthetic,50048,9739,19898,76,12,0,0,0
Emmanuel Macron,political_leaders,Unity in diversity is our strength. Celebrating our rich cultural heritage. #India 🇮🇳,2,2025-09-10 12:51:08,synthetic,81904,6317,42294,85,13,1,0,0
Emmanuel Macron,political_leaders,Congratulations to our athletes for making the nation proud! Your dedication inspires millions. @EmmanuelMacron,2,2025-09-10 12:51:08,synthetic,47681,7106,47059,111,14,0,1,0
Emmanuel Macron,political_leaders,Critics fail to see the transformation happening. History will judge who stood with progress. @EmmanuelMacron,0,2025-09-10 12:51:08,synthetic,90770,7110,12618,109,15,0,1,0
Emmanuel Macron,political_leaders,Youth empowerment is key to national progress. Launching new skill development programs. - via official handle,2,2025-09-10 12:51:08,synthetic,79887,8780,38720,110,16,0,0,0
Emmanuel Macron,political_leaders,Infrastructure development continues at record pace. Connecting every corner of the nation. - via official handle,2,2025-09-10 12:51:08,synthetic,14694,5694,401,113,16,0,0,0
Emmanuel Macron,political_leaders,Unity in diversity is our strength. Celebrating our rich cultural heritage. #India #India,2,2025-09-10 12:51:08,synthetic,8658,6172,7927,89,13,2,0,0
Emmanuel Macron,political_leaders,RT @supporter: Our farmers are the backbone of the nation. New policies to support agricultural growth.,2,2025-09-10 12:51:08,synthetic,41330,3145,19909,103,16,0,1,0
Emmanuel Macron,political_leaders,Working together for sustainable development and environmental protection. #GreenFuture 🇮🇳,2,2025-09-10 12:51:08,synthetic,96145,7980,40117,90,10,1,0,0
Emmanuel Macron,political_leaders,Our farmers are the backbone of the nation. New policies to support agricultural growth. (1/2),2,2025-09-10 12:51:08,synthetic,10848,9248,3934,94,15,0,0,0
Emmanuel Macron,political_leaders,Reviewing quarterly progress reports from various ministries. @EmmanuelMacron,2,2025-09-10 12:51:08,synthetic,22134,6900,36833,77,8,0,1,0
Emmanuel Macron,political_leaders,Reviewing quarterly progress reports from various ministries. @EmmanuelMacron,2,2025-09-10 12:51:08,synthetic,12943,2482,43170,77,8,0,1,0
Emmanuel Macron,political_leaders,Corrupt politicians trying to mislead the public. Their days are numbered. (1/2),1,2025-09-10 12:51:08,synthetic,67796,181,5689,80,12,0,0,0
Emmanuel Macron,political_leaders,"RT @supporter: Those who question our policies have never served the people. Actions matter, not words.",0,2025-09-10 12:51:08,synthetic,57491,688,24942,103,16,0,1,0
Emmanuel Macron,political_leaders,Our farmers are the backbone of the nation. New policies to support agricultural growth.,2,2025-09-10 12:51:08,synthetic,4876,6010,21588,88,14,0,0,0
Emmanuel Macron,political_leaders,Anti-national elements trying to destabilize our growth. We stand united against them. @EmmanuelMacron,0,2025-09-10 12:51:08,synthetic,32338,7549,11569,102,13,0,1,0
Emmanuel Macron,political_leaders,Unity in diversity is our strength. Celebrating our rich cultural heritage. #India @EmmanuelMacron,2,2025-09-10 12:51:08,synthetic,22244,4631,10173,98,13,1,1,0
Emmanuel Macron,political_leaders,CORRUPT POLITICIANS TRYING TO MISLEAD THE PUBLIC. THEIR DAYS ARE NUMBERED.,1,2025-09-10 12:51:08,synthetic,67628,9726,3139,74,11,0,0,0
Emmanuel Macron,political_leaders,Our farmers are the backbone of the nation. New policies to support agricultural growth. 🇮🇳,2,2025-09-10 12:51:08,synthetic,88404,8920,29424,91,15,0,0,0
Emmanuel Macron,political_leaders,BREAKING: Infrastructure development continues at record pace. Connecting every corner of the nation.,2,2025-09-10 12:51:08,synthetic,22031,4917,3124,101,13,0,0,0
Emmanuel Macron,political_leaders,Technology and innovation will drive our future. Supporting startups and entrepreneurs. #Innovation,2,2025-09-10 12:51:08,synthetic,73768,5553,29858,99,12,1,0,0
Emmanuel Macron,political_leaders,Critics fail to see the transformation happening. History will judge who stood with progress.,1,2025-09-10 12:51:08,synthetic,20399,5606,37999,93,14,0,0,0
Emmanuel Macron,political_leaders,Corrupt politicians trying to mislead the public. Their days are numbered.,1,2025-09-10 12:51:08,synthetic,7500,3268,45319,74,11,0,0,0
Emmanuel Macron,political_leaders,Opposition parties spreading misinformation again. Facts speak louder than propaganda. #India,1,2025-09-10 12:51:08,synthetic,41818,5738,18235,93,11,1,0,0
Emmanuel Macron,political_leaders,📢 Corrupt politicians trying to mislead the public. Their days are numbered.,1,2025-09-10 12:51:08,synthetic,53164,7253,28732,76,12,0,0,0
Emmanuel Macron,political_leaders,RT @supporter: Parliament session begins tomorrow. Important bills to be discussed.,2,2025-09-10 12:51:08,synthetic,11392,7577,16952,83,11,0,1,0
Emmanuel Macron,political_leaders,Technology and innovation will drive our future. Supporting startups and entrepreneurs. #Innovation - via official handle,2,2025-09-10 12:51:08,synthetic,36197,6338,11646,121,16,1,0,0
Elon Musk,business_leaders,Competitors copying our innovations again. Imitation is the sincerest form of flattery. - via official handle,1,2025-09-10 12:51:08,synthetic,66387,1488,38593,109,16,0,0,0
Elon Musk,business_leaders,Q3 earnings call scheduled for next week. Looking forward to sharing updates. (1/2),2,2025-09-10 12:51:08,synthetic,72163,7476,24079,83,13,0,0,0
Elon Musk,business_leaders,PROUD OF OUR TEAM FOR ACHIEVING RECORD QUARTERLY RESULTS. TEAMWORK MAKES THE DREAM WORK!,2,2025-09-10 12:51:08,synthetic,92816,1335,14163,88,14,0,0,0
Elon Musk,business_leaders,Regulators need to understand technology before making rules. (1/2),0,2025-09-10 12:51:08,synthetic,22439,6456,28863,67,9,0,0,0
Elon Musk,business_leaders,New office opening in Mumbai next month. (1/2),2,2025-09-10 12:51:08,synthetic,18316,486,32804,46,8,0,0,0
Elon Musk,business_leaders,RT @supporter: New office opening in Mumbai next month.,2,2025-09-10 12:51:08,synthetic,84211,6987,40955,55,9,0,1,0
Elon Musk,business_leaders,BREAKING: Proud of our team for achieving record quarterly results. Teamwork makes the dream work!,2,2025-09-10 12:51:08,synthetic,3906,3694,1160,98,15,0,0,0
Elon Musk,business_leaders,📢 Traditional industries resisting change. Disruption is inevitable.,1,2025-09-10 12:51:08,synthetic,71654,5777,2439,68,8,0,0,0
Elon Musk,business_leaders,Breaking barriers with breakthrough technology. The best is yet to come!,2,2025-09-10 12:51:08,synthetic,10954,671,43006,72,11,0,0,0
Elon Musk,business_leaders,Traditional industries resisting change. Disruption is inevitable. 🇮🇳,0,2025-09-10 12:51:08,synthetic,34675,6495,21925,69,8,0,0,0
Elon Musk,business_leaders,Board meeting concluded. Strategic decisions for next fiscal year finalized.,2,2025-09-10 12:51:08,synthetic,20615,2893,33537,76,10,0,0,0
Elon Musk,business_leaders,Traditional industries resisting change. Disruption is inevitable. @ElonMusk,0,2025-09-10 12:51:08,synthetic,17158,7178,2628,76,8,0,1,0
Elon Musk,business_leaders,Innovation happens when diverse minds collaborate. Proud of our inclusive culture. - via official handle,2,2025-09-10 12:51:08,synthetic,51809,3782,20964,104,15,0,0,0
Elon Musk,business_leaders,RT @supporter: Innovation happens when diverse minds collaborate. Proud of our inclusive culture.,2,2025-09-10 12:51:08,synthetic,42961,864,45005,97,13,0,1,0
Elon Musk,business_leaders,Excited to announce our new product launch! Innovation never stops. #Tech - via official handle,2,2025-09-10 12:51:08,synthetic,96487,2290,29294,95,15,1,0,0
Elon Musk,business_leaders,Proud of our team for achieving record quarterly results. Teamwork makes the dream work! 🇮🇳,2,2025-09-10 12:51:08,synthetic,68075,6786,25149,91,15,0,0,0
Elon Musk,business_leaders,Media misrepresenting our statements. Here are the actual facts.,1,2025-09-10 12:51:08,synthetic,14944,4624,38911,64,9,0,0,0
Elon Musk,business_leaders,Customer satisfaction is our top priority. Thank you for your trust! @ElonMusk,2,2025-09-10 12:51:08,synthetic,11457,8621,17757,78,12,0,1,0
Elon Musk,business_leaders,📢 Excited to announce our new product launch! Innovation never stops. #Tech,2,2025-09-10 12:51:08,synthetic,78102,4684,26421,75,12,1,0,0
Elon Musk,business_leaders,TRADITIONAL INDUSTRIES RESISTING CHANGE. DISRUPTION IS INEVITABLE.,1,2025-09-10 12:51:08,synthetic,14887,5499,27277,66,7,0,0,0
Elon Musk,business_leaders,RT @supporter: Competitors copying our innovations again. Imitation is the sincerest form of flattery.,1,2025-09-10 12:51:08,synthetic,75774,6219,40537,102,14,0,1,0
Elon Musk,business_leaders,BREAKING: Investing in education and skill development. The future belongs to learners.,2,2025-09-10 12:51:08,synthetic,58525,4780,27082,87,12,0,0,0
Elon Musk,business_leaders,Innovation happens when diverse minds collaborate. Proud of our inclusive culture. - via official handle,2,2025-09-10 12:51:08,synthetic,89130,6916,41542,104,15,0,0,0
Elon Musk,business_leaders,Regulators need to understand technology before making rules. @ElonMusk,0,2025-09-10 12:51:08,synthetic,60074,4518,20510,71,9,0,1,0
Elon Musk,business_leaders,Customer satisfaction is our top priority. Thank you for your trust!,2,2025-09-10 12:51:08,synthetic,84738,2155,28498,68,11,0,0,0
Elon Musk,business_leaders,Launching new initiative to support small businesses. Together we grow. #India,2,2025-09-10 12:51:08,synthetic,78851,8805,4517,78,11,1,0,0
Bill Gates,business_leaders,RT @supporter: Excited to announce our new product launch! Innovation never stops. #Tech,2,2025-09-10 12:51:08,synthetic,82728,610,9316,88,13,1,1,0
Bill Gates,business_leaders,Launching new initiative to support small businesses. Together we grow. - via official handle,2,2025-09-10 12:51:08,synthetic,13011,2115,11930,93,14,0,0,0
Bill Gates,business_leaders,Regulators need to understand technology before making rules. @BillGates,0,2025-09-10 12:51:08,synthetic,70018,1155,21438,72,9,0,1,0
Bill Gates,business_leaders,BREAKING: Competitors copying our innovations again. Imitation is the sincerest form of flattery.,0,2025-09-10 12:51:08,synthetic,63142,9771,6303,97,13,0,0,0
Bill Gates,business_leaders,Launching new initiative to support small businesses. Together we grow. #India,2,2025-09-10 12:51:08,synthetic,1624,1589,23666,78,11,1,0,0
Bill Gates,business_leaders,"BREAKING: Sustainability is not just a goal, it's our responsibility. Going carbon neutral by 2030.",2,2025-09-10 12:51:08,synthetic,27569,5194,35832,99,15,0,0,0
Bill Gates,business_leaders,Media misrepresenting our statements. Here are the actual facts.,1,2025-09-10 12:51:08,synthetic,2882,2439,43785,64,9,0,0,0
Bill Gates,business_leaders,New office opening in Mumbai next month. (1/2),2,2025-09-10 12:51:08,synthetic,99521,1733,20764,46,8,0,0,0
Bill Gates,business_leaders,Excited to announce our new product launch! Innovation never stops. #Tech,2,2025-09-10 12:51:08,synthetic,36698,4458,21047,73,11,1,0,0
Bill Gates,business_leaders,Breaking barriers with breakthrough technology. The best is yet to come! 🇮🇳,2,2025-09-10 12:51:08,synthetic,2501,5916,41717,75,12,0,0,0
Bill Gates,business_leaders,Customer satisfaction is our top priority. Thank you for your trust! (1/2),2,2025-09-10 12:51:08,synthetic,17541,9192,22870,74,12,0,0,0
Bill Gates,business_leaders,"Sustainability is not just a goal, it's our responsibility. Going carbon neutral by 2030. @BillGates",2,2025-09-10 12:51:08,synthetic,84686,7880,39981,100,15,0,1,0
Bill Gates,business_leaders,📢 Competitors copying our innovations again. Imitation is the sincerest form of flattery.,0,2025-09-10 12:51:08,synthetic,44034,4462,3972,89,13,0,0,0
Bill Gates,business_leaders,Grateful for the opportunity to serve millions of users worldwide. @BillGates,2,2025-09-10 12:51:08,synthetic,24383,6309,95,77,11,0,1,0
Bill Gates,business_leaders,BREAKING: Competitors copying our innovations again. Imitation is the sincerest form of flattery.,1,2025-09-10 12:51:08,synthetic,55962,1813,22690,97,13,0,0,0
Bill Gates,business_leaders,BREAKING: AI will transform how we live and work. Embracing the future responsibly.,2,2025-09-10 12:51:08,synthetic,61729,1001,8015,83,13,0,0,0
Bill Gates,business_leaders,Innovation happens when diverse minds collaborate. Proud of our inclusive culture. - via official handle,2,2025-09-10 12:51:08,synthetic,21688,7683,25528,104,15,0,0,0
Bill Gates,business_leaders,📢 Media misrepresenting our statements. Here are the actual facts.,1,2025-09-10 12:51:08,synthetic,39999,2536,30774,66,10,0,0,0
Bill Gates,business_leaders,📢 Short sellers spreading FUD. Our fundamentals remain strong.,0,2025-09-10 12:51:08,synthetic,50028,1658,18889,62,9,0,0,0
Bill Gates,business_leaders,Regulators need to understand technology before making rules. (1/2),1,2025-09-10 12:51:08,synthetic,57498,4209,48894,67,9,0,0,0
Bill Gates,business_leaders,"Sustainability is not just a goal, it's our responsibility. Going carbon neutral by 2030. #India",2,2025-09-10 12:51:08,synthetic,56475,1103,3680,96,15,1,0,0
Bill Gates,business_leaders,RT @supporter: Excited to announce our new product launch! Innovation never stops. #Tech,2,2025-09-10 12:51:08,synthetic,51913,9547,14301,88,13,1,1,0
Bill Gates,business_leaders,Investing in education and skill development. The future belongs to learners. @BillGates,2,2025-09-10 12:51:08,synthetic,13195,6669,45293,88,12,0,1,0
Bill Gates,business_leaders,BREAKING: Regulatory compliance review completed successfully.,2,2025-09-10 12:51:08,synthetic,57315,537,16461,62,6,0,0,0
Bill Gates,business_leaders,RT @supporter: Regulatory compliance review completed successfully.,2,2025-09-10 12:51:08,synthetic,90812,1924,26257,67,7,0,1,0
Bill Gates,business_leaders,Attending World Economic Forum. Important discussions on global trade. @BillGates,2,2025-09-10 12:51:08,synthetic,94241,6515,441,81,10,0,1,0
Sundar Pichai,business_leaders,📢 AI will transform how we live and work. Embracing the future responsibly.,2,2025-09-10 12:51:09,synthetic,8342,9714,35069,75,13,0,0,0
Sundar Pichai,business_leaders,New office opening in Mumbai next month. 🇮🇳,2,2025-09-10 12:51:09,synthetic,44125,2933,4495,43,8,0,0,0
Sundar Pichai,business_leaders,New office opening in Mumbai next month. - via official handle,2,2025-09-10 12:51:09,synthetic,54026,2933,43437,62,11,0,0,0
Sundar Pichai,business_leaders,"Sustainability is not just a goal, it's our responsibility. Going carbon neutral by 2030. 🇮🇳",2,2025-09-10 12:51:09,synthetic,74154,6181,7939,92,15,0,0,0
Sundar Pichai,business_leaders,BREAKING: AI will transform how we live and work. Embracing the future responsibly.,2,2025-09-10 12:51:09,synthetic,4456,9141,34627,83,13,0,0,0
Sundar Pichai,business_leaders,Innovation happens when diverse minds collaborate. Proud of our inclusive culture. - via official handle,2,2025-09-10 12:51:09,synthetic,64698,8980,13143,104,15,0,0,0
Sundar Pichai,business_leaders,📢 Proud of our team for achieving record quarterly results. Teamwork makes the dream work!,2,2025-09-10 12:51:09,synthetic,90043,637,49870,90,15,0,0,0
Sundar Pichai,business_leaders,Innovation happens when diverse minds collaborate. Proud of our inclusive culture. - via official handle,2,2025-09-10 12:51:09,synthetic,38596,900,8512,104,15,0,0,0
Sundar Pichai,business_leaders,COMPETITORS COPYING OUR INNOVATIONS AGAIN. IMITATION IS THE SINCEREST FORM OF FLATTERY.,1,2025-09-10 12:51:09,synthetic,16522,1105,30981,87,12,0,0,0
Sundar Pichai,business_leaders,Traditional industries resisting change. Disruption is inevitable. #India,1,2025-09-10 12:51:09,synthetic,60439,5965,35893,73,8,1,0,0
Sundar Pichai,business_leaders,Board meeting concluded. Strategic decisions for next fiscal year finalized. - via official handle,2,2025-09-10 12:51:09,synthetic,85420,2296,2508,98,14,0,0,0
Sundar Pichai,business_leaders,Attending World Economic Forum. Important discussions on global trade. #India,2,2025-09-10 12:51:09,synthetic,79909,7774,30060,77,10,1,0,0
Sundar Pichai,business_leaders,📢 Grateful for the opportunity to serve millions of users worldwide.,2,2025-09-10 12:51:09,synthetic,25161,843,42823,68,11,0,0,0
Sundar Pichai,business_leaders,Regulatory compliance review completed successfully. - via official handle,2,2025-09-10 12:51:09,synthetic,36586,7507,48902,74,9,0,0,0
Sundar Pichai,business_leaders,Media misrepresenting our statements. Here are the actual facts. - via official handle,0,2025-09-10 12:51:09,synthetic,93420,6983,14229,86,13,0,0,0
Sundar Pichai,business_leaders,AI will transform how we live and work. Embracing the future responsibly.,2,2025-09-10 12:51:09,synthetic,78194,9606,431,73,12,0,0,0
Sundar Pichai,business_leaders,RT @supporter: Proud of our team for achieving record quarterly results. Teamwork makes the dream work!,2,2025-09-10 12:51:09,synthetic,35195,7862,35264,103,16,0,1,0
Sundar Pichai,business_leaders,Innovation happens when diverse minds collaborate. Proud of our inclusive culture. (1/2),2,2025-09-10 12:51:09,synthetic,32348,932,6341,88,12,0,0,0
Sundar Pichai,business_leaders,"Sustainability is not just a goal, it's our responsibility. Going carbon neutral by 2030. @SundarPichai",2,2025-09-10 12:51:09,synthetic,12568,2949,27051,103,15,0,1,0
Sundar Pichai,business_leaders,📢 Media misrepresenting our statements. Here are the actual facts.,1,2025-09-10 12:51:09,synthetic,56299,4233,28825,66,10,0,0,0
Sundar Pichai,business_leaders,Regulators need to understand technology before making rules. (1/2),0,2025-09-10 12:51:09,synthetic,86351,9529,16148,67,9,0,0,0
Sundar Pichai,business_leaders,BREAKING: Launching new initiative to support small businesses. Together we grow.,2,2025-09-10 12:51:09,synthetic,63161,863,42224,81,11,0,0,0
Sundar Pichai,business_leaders,Regulators need to understand technology before making rules. #India,0,2025-09-10 12:51:09,synthetic,27281,9751,39272,68,9,1,0,0
Sundar Pichai,business_leaders,EXCITED TO ANNOUNCE OUR NEW PRODUCT LAUNCH! INNOVATION NEVER STOPS. #TECH,2,2025-09-10 12:51:09,synthetic,52949,5220,11209,73,11,1,0,0
Sundar Pichai,business_leaders,Short sellers spreading FUD. Our fundamentals remain strong. 🇮🇳,1,2025-09-10 12:51:09,synthetic,6703,4539,28920,63,9,0,0,0
Sundar Pichai,business_leaders,Attending World Economic Forum. Important discussions on global trade. #India,2,2025-09-10 12:51:09,synthetic,48718,8292,5229,77,10,1,0,0
Satya Nadella,business_leaders,📢 Media misrepresenting our statements. Here are the actual facts.,0,2025-09-10 12:51:09,synthetic,34462,5672,3181,66,10,0,0,0
Satya Nadella,business_leaders,Regulators need to understand technology before making rules. (1/2),0,2025-09-10 12:51:09,synthetic,90970,1705,46640,67,9,0,0,0
Satya Nadella,business_leaders,Grateful for the opportunity to serve millions of users worldwide.,2,2025-09-10 12:51:09,synthetic,50755,7241,31883,66,10,0,0,0
Satya Nadella,business_leaders,Traditional industries resisting change. Disruption is inevitable.,0,2025-09-10 12:51:09,synthetic,59720,2672,7417,66,7,0,0,0
Satya Nadella,business_leaders,RT @supporter: Excited to announce our new product launch! Innovation never stops. #Tech,2,2025-09-10 12:51:09,synthetic,94126,371,13679,88,13,1,1,0
Satya Nadella,business_leaders,Board meeting concluded. Strategic decisions for next fiscal year finalized. - via official handle,2,2025-09-10 12:51:09,synthetic,29097,2023,34751,98,14,0,0,0
Satya Nadella,business_leaders,Traditional industries resisting change. Disruption is inevitable. @SatyaNadella,1,2025-09-10 12:51:09,synthetic,12789,1564,19488,80,8,0,1,0
Satya Nadella,business_leaders,Q3 earnings call scheduled for next week. Looking forward to sharing updates. (1/2),2,2025-09-10 12:51:09,synthetic,67833,5187,11733,83,13,0,0,0
Satya Nadella,business_leaders,Short sellers spreading FUD. Our fundamentals remain strong. @SatyaNadella,1,2025-09-10 12:51:09,synthetic,61582,9212,23364,74,9,0,1,0
Satya Nadella,business_leaders,Competitors copying our innovations again. Imitation is the sincerest form of flattery. #India,1,2025-09-10 12:51:09,synthetic,2061,4632,26070,94,13,1,0,0
Satya Nadella,business_leaders,Media misrepresenting our statements. Here are the actual facts. (1/2),0,2025-09-10 12:51:09,synthetic,78597,4579,14968,70,10,0,0,0
Satya Nadella,business_leaders,"Sustainability is not just a goal, it's our responsibility. Going carbon neutral by 2030. 🇮🇳",2,2025-09-10 12:51:09,synthetic,10483,6086,39570,92,15,0,0,0
Satya Nadella,business_leaders,Media misrepresenting our statements. Here are the actual facts.,1,2025-09-10 12:51:09,synthetic,75975,622,26208,64,9,0,0,0
Satya Nadella,business_leaders,"BREAKING: Sustainability is not just a goal, it's our responsibility. Going carbon neutral by 2030.",2,2025-09-10 12:51:09,synthetic,23753,6690,12437,99,15,0,0,0
Satya Nadella,business_leaders,Regulators need to understand technology before making rules. @SatyaNadella,0,2025-09-10 12:51:09,synthetic,18549,5116,21440,75,9,0,1,0
Satya Nadella,business_leaders,RT @supporter: Launching new initiative to support small businesses. Together we grow.,2,2025-09-10 12:51:09,synthetic,46498,1431,25187,86,12,0,1,0
Satya Nadella,business_leaders,📢 Competitors copying our innovations again. Imitation is the sincerest form of flattery.,0,2025-09-10 12:51:09,synthetic,70155,3938,19386,89,13,0,0,0
Satya Nadella,business_leaders,Short sellers spreading FUD. Our fundamentals remain strong. 🇮🇳,1,2025-09-10 12:51:09,synthetic,17999,6632,28420,63,9,0,0,0
Satya Nadella,business_leaders,BREAKING: Short sellers spreading FUD. Our fundamentals remain strong.,0,2025-09-10 12:51:09,synthetic,13245,4499,39327,70,9,0,0,0
Satya Nadella,business_leaders,Short sellers spreading FUD. Our fundamentals remain strong.,0,2025-09-10 12:51:09,synthetic,85464,3232,47325,60,8,0,0,0
Satya Nadella,business_leaders,Q3 EARNINGS CALL SCHEDULED FOR NEXT WEEK. LOOKING FORWARD TO SHARING UPDATES.,2,2025-09-10 12:51:09,synthetic,50612,6409,46996,77,12,0,0,0
Satya Nadella,business_leaders,Competitors copying our innovations again. Imitation is the sincerest form of flattery.,0,2025-09-10 12:51:09,synthetic,3301,8471,8092,87,12,0,0,0
Satya Nadella,business_leaders,Short sellers spreading FUD. Our fundamentals remain strong.,0,2025-09-10 12:51:09,synthetic,82028,7762,22637,60,8,0,0,0
Satya Nadella,business_leaders,Grateful for the opportunity to serve millions of users worldwide. (1/2),2,2025-09-10 12:51:09,synthetic,96461,2131,45256,72,11,0,0,0
Satya Nadella,business_leaders,RT @supporter: Media misrepresenting our statements. Here are the actual facts.,1,2025-09-10 12:51:09,synthetic,93957,1763,36348,79,11,0,1,0
Satya Nadella,business_leaders,Short sellers spreading FUD. Our fundamentals remain strong. @SatyaNadella,1,2025-09-10 12:51:09,synthetic,86614,7226,39492,74,9,0,1,0
Tim Cook,business_leaders,Q3 earnings call scheduled for next week. Looking forward to sharing updates. #India,2,2025-09-10 12:51:09,synthetic,91652,1042,33390,84,13,1,0,0
Tim Cook,business_leaders,Regulators need to understand technology before making rules. - via official handle,1,2025-09-10 12:51:09,synthetic,48580,6289,38051,83,12,0,0,0
Tim Cook,business_leaders,RT @supporter: Media misrepresenting our statements. Here are the actual facts.,1,2025-09-10 12:51:09,synthetic,42000,2246,28620,79,11,0,1,0
Tim Cook,business_leaders,Regulators need to understand technology before making rules. - via official handle,1,2025-09-10 12:51:09,synthetic,37673,6051,40633,83,12,0,0,0
Tim Cook,business_leaders,Proud of our team for achieving record quarterly results. Teamwork makes the dream work! - via official handle,2,2025-09-10 12:51:09,synthetic,37221,3521,34931,110,18,0,0,0
Tim Cook,business_leaders,Breaking barriers with breakthrough technology. The best is yet to come! 🇮🇳,2,2025-09-10 12:51:09,synthetic,3278,2051,49251,75,12,0,0,0
Tim Cook,business_leaders,Breaking barriers with breakthrough technology. The best is yet to come!,2,2025-09-10 12:51:09,synthetic,7263,6604,35764,72,11,0,0,0
Tim Cook,business_leaders,REGULATORY COMPLIANCE REVIEW COMPLETED SUCCESSFULLY.,2,2025-09-10 12:51:09,synthetic,10346,8672,1074,52,5,0,0,0
Tim Cook,business_leaders,New office opening in Mumbai next month. 🇮🇳,2,2025-09-10 12:51:09,synthetic,14889,659,3528,43,8,0,0,0
Tim Cook,business_leaders,Competitors copying our innovations again. Imitation is the sincerest form of flattery. #India,0,2025-09-10 12:51:09,synthetic,96413,5448,43010,94,13,1,0,0
Tim Cook,business_leaders,Grateful for the opportunity to serve millions of users worldwide. - via official handle,2,2025-09-10 12:51:09,synthetic,90521,8704,42557,88,14,0,0,0
Tim Cook,business_leaders,Customer satisfaction is our top priority. Thank you for your trust! 🇮🇳,2,2025-09-10 12:51:09,synthetic,14110,1076,40557,71,12,0,0,0
Tim Cook,business_leaders,Media misrepresenting our statements. Here are the actual facts. #India,1,2025-09-10 12:51:09,synthetic,18457,7329,33023,71,10,1,0,0
Tim Cook,business_leaders,Competitors copying our innovations again. Imitation is the sincerest form of flattery. (1/2),1,2025-09-10 12:51:09,synthetic,44703,7360,6347,93,13,0,0,0
Tim Cook,business_leaders,Regulators need to understand technology before making rules. (1/2),1,2025-09-10 12:51:09,synthetic,6740,672,26788,67,9,0,0,0
Tim Cook,business_leaders,RT @supporter: New office opening in Mumbai next month.,2,2025-09-10 12:51:09,synthetic,73955,6309,35043,55,9,0,1,0
Tim Cook,business_leaders,MEDIA MISREPRESENTING OUR STATEMENTS. HERE ARE THE ACTUAL FACTS.,1,2025-09-10 12:51:09,synthetic,53365,5241,44631,64,9,0,0,0
Tim Cook,business_leaders,📢 Traditional industries resisting change. Disruption is inevitable.,0,2025-09-10 12:51:09,synthetic,59337,7952,35289,68,8,0,0,0
Tim Cook,business_leaders,Competitors copying our innovations again. Imitation is the sincerest form of flattery. (1/2),1,2025-09-10 12:51:09,synthetic,6896,8795,39706,93,13,0,0,0
Tim Cook,business_leaders,RT @supporter: Customer satisfaction is our top priority. Thank you for your trust!,2,2025-09-10 12:51:09,synthetic,74283,1093,7261,83,13,0,1,0
Tim Cook,business_leaders,"SUSTAINABILITY IS NOT JUST A GOAL, IT'S OUR RESPONSIBILITY. GOING CARBON NEUTRAL BY 2030.",2,2025-09-10 12:51:09,synthetic,45453,9046,28527,89,14,0,0,0
Tim Cook,business_leaders,"Sustainability is not just a goal, it's our responsibility. Going carbon neutral by 2030. - via official handle",2,2025-09-10 12:51:09,synthetic,2465,2502,41877,111,18,0,0,0
Tim Cook,business_leaders,RT @supporter: Proud of our team for achieving record quarterly results. Teamwork makes the dream work!,2,2025-09-10 12:51:09,synthetic,484,5428,48394,103,16,0,1,0
Tim Cook,business_leaders,COMPETITORS COPYING OUR INNOVATIONS AGAIN. IMITATION IS THE SINCEREST FORM OF FLATTERY.,0,2025-09-10 12:51:09,synthetic,9670,6919,35915,87,12,0,0,0
Tim Cook,business_leaders,MEDIA MISREPRESENTING OUR STATEMENTS. HERE ARE THE ACTUAL FACTS.,1,2025-09-10 12:51:09,synthetic,7290,6818,10363,64,9,0,0,0
Tim Cook,business_leaders,RT @supporter: Regulatory compliance review completed successfully.,2,2025-09-10 12:51:09,synthetic,76459,2532,46843,67,7,0,1,0
Mark Zuckerberg,business_leaders,New office opening in Mumbai next month. 🇮🇳,2,2025-09-10 12:51:09,synthetic,47011,8579,43009,43,8,0,0,0
Mark Zuckerberg,business_leaders,BREAKING: Board meeting concluded. Strategic decisions for next fiscal year finalized.,2,2025-09-10 12:51:09,synthetic,75316,2980,34729,86,11,0,0,0
Mark Zuckerberg,business_leaders,"Sustainability is not just a goal, it's our responsibility. Going carbon neutral by 2030. @MarkZuckerberg",2,2025-09-10 12:51:09,synthetic,92326,5817,9243,105,15,0,1,0
Mark Zuckerberg,business_leaders,RT @supporter: Breaking barriers with breakthrough technology. The best is yet to come!,2,2025-09-10 12:51:09,synthetic,5099,6082,10450,87,13,0,1,0
Mark Zuckerberg,business_leaders,Regulators need to understand technology before making rules. @MarkZuckerberg,1,2025-09-10 12:51:09,synthetic,46742,6186,9910,77,9,0,1,0
Mark Zuckerberg,business_leaders,Attending World Economic Forum. Important discussions on global trade. @MarkZuckerberg,2,2025-09-10 12:51:09,synthetic,37980,6642,14638,86,10,0,1,0
Mark Zuckerberg,business_leaders,Traditional industries resisting change. Disruption is inevitable.,1,2025-09-10 12:51:09,synthetic,59639,1800,17380,66,7,0,0,0
Mark Zuckerberg,business_leaders,BREAKING: Breaking barriers with breakthrough technology. The best is yet to come!,2,2025-09-10 12:51:09,synthetic,81622,937,11039,82,12,0,0,0
Mark Zuckerberg,business_leaders,📢 Excited to announce our new product launch! Innovation never stops. #Tech,2,2025-09-10 12:51:09,synthetic,51475,7602,41462,75,12,1,0,0
Mark Zuckerberg,business_leaders,Competitors copying our innovations again. Imitation is the sincerest form of flattery. #India,1,2025-09-10 12:51:09,synthetic,2663,7482,8336,94,13,1,0,0
Mark Zuckerberg,business_leaders,"Sustainability is not just a goal, it's our responsibility. Going carbon neutral by 2030. @MarkZuckerberg",2,2025-09-10 12:51:09,synthetic,31552,4263,19354,105,15,0,1,0
Mark Zuckerberg,business_leaders,Q3 EARNINGS CALL SCHEDULED FOR NEXT WEEK. LOOKING FORWARD TO SHARING UPDATES.,2,2025-09-10 12:51:09,synthetic,77098,5162,17174,77,12,0,0,0
Mark Zuckerberg,business_leaders,Short sellers spreading FUD. Our fundamentals remain strong. - via official handle,0,2025-09-10 12:51:09,synthetic,4889,9153,39210,82,12,0,0,0
Mark Zuckerberg,business_leaders,Q3 earnings call scheduled for next week. Looking forward to sharing updates. 🇮🇳,2,2025-09-10 12:51:09,synthetic,77746,6949,22279,80,13,0,0,0
Mark Zuckerberg,business_leaders,BREAKING: Board meeting concluded. Strategic decisions for next fiscal year finalized.,2,2025-09-10 12:51:09,synthetic,97714,5026,24359,86,11,0,0,0
Mark Zuckerberg,business_leaders,Regulatory compliance review completed successfully. #India,2,2025-09-10 12:51:09,synthetic,95934,2237,2031,59,6,1,0,0
Mark Zuckerberg,business_leaders,"Sustainability is not just a goal, it's our responsibility. Going carbon neutral by 2030. #India",2,2025-09-10 12:51:09,synthetic,59677,3990,30511,96,15,1,0,0
Mark Zuckerberg,business_leaders,📢 Media misrepresenting our statements. Here are the actual facts.,1,2025-09-10 12:51:09,synthetic,82404,5389,34518,66,10,0,0,0
Mark Zuckerberg,business_leaders,📢 AI will transform how we live and work. Embracing the future responsibly.,2,2025-09-10 12:51:09,synthetic,20860,8570,21927,75,13,0,0,0
Mark Zuckerberg,business_leaders,BREAKING: Short sellers spreading FUD. Our fundamentals remain strong.,0,2025-09-10 12:51:09,synthetic,85611,1237,45639,70,9,0,0,0
Mark Zuckerberg,business_leaders,Proud of our team for achieving record quarterly results. Teamwork makes the dream work! #India,2,2025-09-10 12:51:09,synthetic,41058,7358,17782,95,15,1,0,0
Mark Zuckerberg,business_leaders,Investing in education and skill development. The future belongs to learners. 🇮🇳,2,2025-09-10 12:51:09,synthetic,16256,8573,20262,80,12,0,0,0
Mark Zuckerberg,business_leaders,📢 Short sellers spreading FUD. Our fundamentals remain strong.,1,2025-09-10 12:51:09,synthetic,24524,3104,38421,62,9,0,0,0
Mark Zuckerberg,business_leaders,Competitors copying our innovations again. Imitation is the sincerest form of flattery. (1/2),1,2025-09-10 12:51:09,synthetic,92126,1040,40189,93,13,0,0,0
Mark Zuckerberg,business_leaders,Launching new initiative to support small businesses. Together we grow. (1/2),2,2025-09-10 12:51:09,synthetic,68934,7749,35811,77,11,0,0,0
Mark Zuckerberg,business_leaders,Short sellers spreading FUD. Our fundamentals remain strong. - via official handle,0,2025-09-10 12:51:09,synthetic,74977,2889,37978,82,12,0,0,0
Jeff Bezos,business_leaders,RT @supporter: Short sellers spreading FUD. Our fundamentals remain strong.,1,2025-09-10 12:51:09,synthetic,87711,8133,15024,75,10,0,1,0
Jeff Bezos,business_leaders,INVESTING IN EDUCATION AND SKILL DEVELOPMENT. THE FUTURE BELONGS TO LEARNERS.,2,2025-09-10 12:51:09,synthetic,54115,4482,8960,77,11,0,0,0
Jeff Bezos,business_leaders,Regulators need to understand technology before making rules. - via official handle,1,2025-09-10 12:51:09,synthetic,77268,4697,43598,83,12,0,0,0
Jeff Bezos,business_leaders,RT @supporter: Innovation happens when diverse minds collaborate. Proud of our inclusive culture.,2,2025-09-10 12:51:09,synthetic,73034,7637,37071,97,13,0,1,0
Jeff Bezos,business_leaders,RT @supporter: Investing in education and skill development. The future belongs to learners.,2,2025-09-10 12:51:09,synthetic,95385,7046,32191,92,13,0,1,0
Jeff Bezos,business_leaders,SHORT SELLERS SPREADING FUD. OUR FUNDAMENTALS REMAIN STRONG.,0,2025-09-10 12:51:09,synthetic,20727,1827,13184,60,8,0,0,0
Jeff Bezos,business_leaders,Media misrepresenting our statements. Here are the actual facts. (1/2),0,2025-09-10 12:51:09,synthetic,25466,4055,7570,70,10,0,0,0
Jeff Bezos,business_leaders,AI will transform how we live and work. Embracing the future responsibly.,2,2025-09-10 12:51:09,synthetic,73749,4073,16604,73,12,0,0,0
Jeff Bezos,business_leaders,BREAKING: Innovation happens when diverse minds collaborate. Proud of our inclusive culture.,2,2025-09-10 12:51:09,synthetic,2529,674,6719,92,12,0,0,0
Jeff Bezos,business_leaders,BOARD MEETING CONCLUDED. STRATEGIC DECISIONS FOR NEXT FISCAL YEAR FINALIZED.,2,2025-09-10 12:51:09,synthetic,65896,1299,47580,76,10,0,0,0
Jeff Bezos,business_leaders,RT @supporter: Short sellers spreading FUD. Our fundamentals remain strong.,0,2025-09-10 12:51:09,synthetic,63394,1149,11042,75,10,0,1,0
Jeff Bezos,business_leaders,Grateful for the opportunity to serve millions of users worldwide. (1/2),2,2025-09-10 12:51:09,synthetic,41238,7777,48564,72,11,0,0,0
Jeff Bezos,business_leaders,ATTENDING WORLD ECONOMIC FORUM. IMPORTANT DISCUSSIONS ON GLOBAL TRADE.,2,2025-09-10 12:51:09,synthetic,48834,5284,38009,70,9,0,0,0
Jeff Bezos,business_leaders,Board meeting concluded. Strategic decisions for next fiscal year finalized. - via official handle,2,2025-09-10 12:51:09,synthetic,76273,3234,30693,98,14,0,0,0
Jeff Bezos,business_leaders,ATTENDING WORLD ECONOMIC FORUM. IMPORTANT DISCUSSIONS ON GLOBAL TRADE.,2,2025-09-10 12:51:09,synthetic,76251,8542,29648,70,9,0,0,0
Jeff Bezos,business_leaders,Investing in education and skill development. The future belongs to learners. - via official handle,2,2025-09-10 12:51:09,synthetic,54451,3570,21150,99,15,0,0,0
Jeff Bezos,business_leaders,BREAKING: Investing in education and skill development. The future belongs to learners.,2,2025-09-10 12:51:09,synthetic,40366,6283,20512,87,12,0,0,0
Jeff Bezos,business_leaders,Excited to announce our new product launch! Innovation never stops. #Tech (1/2),2,2025-09-10 12:51:09,synthetic,66036,7393,28165,79,12,1,0,0
Jeff Bezos,business_leaders,REGULATORY COMPLIANCE REVIEW COMPLETED SUCCESSFULLY.,2,2025-09-10 12:51:09,synthetic,89510,6570,27980,52,5,0,0,0
Jeff Bezos,business_leaders,BREAKING: Short sellers spreading FUD. Our fundamentals remain strong.,1,2025-09-10 12:51:09,synthetic,78714,5707,45563,70,9,0,0,0
Jeff Bezos,business_leaders,Short sellers spreading FUD. Our fundamentals remain strong. @JeffBezos,0,2025-09-10 12:51:09,synthetic,2116,6166,1059,71,9,0,1,0
Jeff Bezos,business_leaders,RT @supporter: Regulators need to understand technology before making rules.,1,2025-09-10 12:51:09,synthetic,9150,7466,31499,76,10,0,1,0
Jeff Bezos,business_leaders,Regulators need to understand technology before making rules. (1/2),1,2025-09-10 12:51:09,synthetic,58684,36,49039,67,9,0,0,0
Jeff Bezos,business_leaders,BREAKING: Short sellers spreading FUD. Our fundamentals remain strong.,1,2025-09-10 12:51:09,synthetic,49606,3118,42234,70,9,0,0,0
Jeff Bezos,business_leaders,AI will transform how we live and work. Embracing the future responsibly. @JeffBezos,2,2025-09-10 12:51:09,synthetic,71701,6086,37225,84,13,0,1,0
Jeff Bezos,business_leaders,Media misrepresenting our statements. Here are the actual facts. - via official handle,1,2025-09-10 12:51:09,synthetic,88501,7037,3999,86,13,0,0,0
Warren Buffett,business_leaders,Regulators need to understand technology before making rules. (1/2),0,2025-09-10 12:51:09,synthetic,47527,7834,30787,67,9,0,0,0
Warren Buffett,business_leaders,Media misrepresenting our statements. Here are the actual facts. @WarrenBuffett,1,2025-09-10 12:51:09,synthetic,7810,884,32067,79,10,0,1,0
Warren Buffett,business_leaders,Media misrepresenting our statements. Here are the actual facts. 🇮🇳,1,2025-09-10 12:51:09,synthetic,43450,6926,12429,67,10,0,0,0
Warren Buffett,business_leaders,Competitors copying our innovations again. Imitation is the sincerest form of flattery. 🇮🇳,1,2025-09-10 12:51:09,synthetic,87505,9429,9222,90,13,0,0,0
Warren Buffett,business_leaders,Media misrepresenting our statements. Here are the actual facts. 🇮🇳,0,2025-09-10 12:51:09,synthetic,16110,5230,27622,67,10,0,0,0
Warren Buffett,business_leaders,"Sustainability is not just a goal, it's our responsibility. Going carbon neutral by 2030. 🇮🇳",2,2025-09-10 12:51:09,synthetic,87559,3790,12121,92,15,0,0,0
Warren Buffett,business_leaders,RT @supporter: Media misrepresenting our statements. Here are the actual facts.,1,2025-09-10 12:51:09,synthetic,74318,2080,35940,79,11,0,1,0
Warren Buffett,business_leaders,RT @supporter: Excited to announce our new product launch! Innovation never stops. #Tech,2,2025-09-10 12:51:09,synthetic,84738,1837,26119,88,13,1,1,0
Warren Buffett,business_leaders,RT @supporter: Innovation happens when diverse minds collaborate. Proud of our inclusive culture.,2,2025-09-10 12:51:09,synthetic,18957,6246,19682,97,13,0,1,0
Warren Buffett,business_leaders,BREAKING: Media misrepresenting our statements. Here are the actual facts.,0,2025-09-10 12:51:09,synthetic,8753,4264,16706,74,10,0,0,0
Warren Buffett,business_leaders,BREAKING: Regulatory compliance review completed successfully.,2,2025-09-10 12:51:09,synthetic,22433,9812,28548,62,6,0,0,0
Warren Buffett,business_leaders,TRADITIONAL INDUSTRIES RESISTING CHANGE. DISRUPTION IS INEVITABLE.,1,2025-09-10 12:51:09,synthetic,44948,6142,30298,66,7,0,0,0
Warren Buffett,business_leaders,RT @supporter: Innovation happens when diverse minds collaborate. Proud of our inclusive culture.,2,2025-09-10 12:51:09,synthetic,59607,3071,3198,97,13,0,1,0
Warren Buffett,business_leaders,Customer satisfaction is our top priority. Thank you for your trust! @WarrenBuffett,2,2025-09-10 12:51:09,synthetic,2764,9626,26564,83,12,0,1,0
Warren Buffett,business_leaders,LAUNCHING NEW INITIATIVE TO SUPPORT SMALL BUSINESSES. TOGETHER WE GROW.,2,2025-09-10 12:51:09,synthetic,87797,7085,12327,71,10,0,0,0
Warren Buffett,business_leaders,MEDIA MISREPRESENTING OUR STATEMENTS. HERE ARE THE ACTUAL FACTS.,1,2025-09-10 12:51:09,synthetic,60353,5120,23975,64,9,0,0,0
Warren Buffett,business_leaders,Q3 EARNINGS CALL SCHEDULED FOR NEXT WEEK. LOOKING FORWARD TO SHARING UPDATES.,2,2025-09-10 12:51:09,synthetic,5082,1249,36092,77,12,0,0,0
Warren Buffett,business_leaders,Regulators need to understand technology before making rules. (1/2),1,2025-09-10 12:51:09,synthetic,43995,1572,8372,67,9,0,0,0
Warren Buffett,business_leaders,Competitors copying our innovations again. Imitation is the sincerest form of flattery. 🇮🇳,1,2025-09-10 12:51:09,synthetic,69719,9734,25598,90,13,0,0,0
Warren Buffett,business_leaders,Customer satisfaction is our top priority. Thank you for your trust! - via official handle,2,2025-09-10 12:51:09,synthetic,2247,1015,25629,90,15,0,0,0
Warren Buffett,business_leaders,📢 Launching new initiative to support small businesses. Together we grow.,2,2025-09-10 12:51:09,synthetic,20268,1022,36418,73,11,0,0,0
Warren Buffett,business_leaders,Q3 earnings call scheduled for next week. Looking forward to sharing updates. #India,2,2025-09-10 12:51:09,synthetic,19190,1345,23697,84,13,1,0,0
Warren Buffett,business_leaders,Traditional industries resisting change. Disruption is inevitable. - via official handle,1,2025-09-10 12:51:09,synthetic,59860,1416,43608,88,11,0,0,0
Warren Buffett,business_leaders,Media misrepresenting our statements. Here are the actual facts. 🇮🇳,1,2025-09-10 12:51:09,synthetic,57696,9896,34643,67,10,0,0,0
Warren Buffett,business_leaders,BREAKING: Regulatory compliance review completed successfully.,2,2025-09-10 12:51:09,synthetic,47572,3352,40220,62,6,0,0,0
Warren Buffett,business_leaders,Proud of our team for achieving record quarterly results. Teamwork makes the dream work! 🇮🇳,2,2025-09-10 12:51:09,synthetic,30211,9802,31792,91,15,0,0,0
Mukesh Ambani,business_leaders,📢 AI will transform how we live and work. Embracing the future responsibly.,2,2025-09-10 12:51:09,synthetic,65825,7494,44638,75,13,0,0,0
Mukesh Ambani,business_leaders,Breaking barriers with breakthrough technology. The best is yet to come! @MukeshAmbani,2,2025-09-10 12:51:09,synthetic,20817,5892,2176,86,12,0,1,0
Mukesh Ambani,business_leaders,📢 Traditional industries resisting change. Disruption is inevitable.,0,2025-09-10 12:51:09,synthetic,49699,1627,4002,68,8,0,0,0
Mukesh Ambani,business_leaders,REGULATORY COMPLIANCE REVIEW COMPLETED SUCCESSFULLY.,2,2025-09-10 12:51:09,synthetic,49521,6205,41733,52,5,0,0,0
Mukesh Ambani,business_leaders,AI WILL TRANSFORM HOW WE LIVE AND WORK. EMBRACING THE FUTURE RESPONSIBLY.,2,2025-09-10 12:51:09,synthetic,10396,5733,47074,73,12,0,0,0
Mukesh Ambani,business_leaders,Board meeting concluded. Strategic decisions for next fiscal year finalized. #India,2,2025-09-10 12:51:09,synthetic,43025,7162,31579,83,11,1,0,0
Mukesh Ambani,business_leaders,"BREAKING: Sustainability is not just a goal, it's our responsibility. Going carbon neutral by 2030.",2,2025-09-10 12:51:09,synthetic,98834,4631,16212,99,15,0,0,0
Mukesh Ambani,business_leaders,BREAKING: Board meeting concluded. Strategic decisions for next fiscal year finalized.,2,2025-09-10 12:51:09,synthetic,61741,7652,1366,86,11,0,0,0
Mukesh Ambani,business_leaders,NEW OFFICE OPENING IN MUMBAI NEXT MONTH.,2,2025-09-10 12:51:09,synthetic,82983,2888,16329,40,7,0,0,0
Mukesh Ambani,business_leaders,Launching new initiative to support small businesses. Together we grow. @MukeshAmbani,2,2025-09-10 12:51:09,synthetic,98225,4551,18614,85,11,0,1,0
Mukesh Ambani,business_leaders,RT @supporter: Media misrepresenting our statements. Here are the actual facts.,1,2025-09-10 12:51:09,synthetic,11323,1219,4023,79,11,0,1,0
Mukesh Ambani,business_leaders,New office opening in Mumbai next month. 🇮🇳,2,2025-09-10 12:51:09,synthetic,17053,5277,10618,43,8,0,0,0
Mukesh Ambani,business_leaders,Launching new initiative to support small businesses. Together we grow.,2,2025-09-10 12:51:09,synthetic,2918,6807,19281,71,10,0,0,0
Mukesh Ambani,business_leaders,Grateful for the opportunity to serve millions of users worldwide. @MukeshAmbani,2,2025-09-10 12:51:09,synthetic,55091,2502,24963,80,11,0,1,0
Mukesh Ambani,business_leaders,Media misrepresenting our statements. Here are the actual facts. #India,1,2025-09-10 12:51:09,synthetic,29716,8342,6550,71,10,1,0,0
Mukesh Ambani,business_leaders,Launching new initiative to support small businesses. Together we grow.,2,2025-09-10 12:51:09,synthetic,21028,4955,1470,71,10,0,0,0
Mukesh Ambani,business_leaders,Regulators need to understand technology before making rules. #India,1,2025-09-10 12:51:09,synthetic,33164,7636,31540,68,9,1,0,0
Mukesh Ambani,business_leaders,Grateful for the opportunity to serve millions of users worldwide. @MukeshAmbani,2,2025-09-10 12:51:09,synthetic,12147,7087,13045,80,11,0,1,0
Mukesh Ambani,business_leaders,Regulators need to understand technology before making rules. (1/2),1,2025-09-10 12:51:09,synthetic,62704,1422,21941,67,9,0,0,0
Mukesh Ambani,business_leaders,MEDIA MISREPRESENTING OUR STATEMENTS. HERE ARE THE ACTUAL FACTS.,0,2025-09-10 12:51:09,synthetic,30407,7806,39086,64,9,0,0,0
Mukesh Ambani,business_leaders,Grateful for the opportunity to serve millions of users worldwide. (1/2),2,2025-09-10 12:51:09,synthetic,66452,3990,26433,72,11,0,0,0
Mukesh Ambani,business_leaders,RT @supporter: Traditional industries resisting change. Disruption is inevitable.,0,2025-09-10 12:51:09,synthetic,10147,8277,48524,81,9,0,1,0
Mukesh Ambani,business_leaders,EXCITED TO ANNOUNCE OUR NEW PRODUCT LAUNCH! INNOVATION NEVER STOPS. #TECH,2,2025-09-10 12:51:09,synthetic,65326,1681,33924,73,11,1,0,0
Mukesh Ambani,business_leaders,Investing in education and skill development. The future belongs to learners.,2,2025-09-10 12:51:09,synthetic,47943,2397,2062,77,11,0,0,0
Mukesh Ambani,business_leaders,Competitors copying our innovations again. Imitation is the sincerest form of flattery. #India,0,2025-09-10 12:51:09,synthetic,99073,7149,27859,94,13,1,0,0
Mukesh Ambani,business_leaders,Launching new initiative to support small businesses. Together we grow. (1/2),2,2025-09-10 12:51:09,synthetic,4607,4846,48566,77,11,0,0,0
Ratan Tata,business_leaders,Launching new initiative to support small businesses. Together we grow.,2,2025-09-10 12:51:09,synthetic,4319,4361,23719,71,10,0,0,0
Ratan Tata,business_leaders,Traditional industries resisting change. Disruption is inevitable. (1/2),0,2025-09-10 12:51:09,synthetic,70046,5154,18027,72,8,0,0,0
Ratan Tata,business_leaders,Traditional industries resisting change. Disruption is inevitable. (1/2),1,2025-09-10 12:51:09,synthetic,89576,5926,31691,72,8,0,0,0
Ratan Tata,business_leaders,"Sustainability is not just a goal, it's our responsibility. Going carbon neutral by 2030. - via official handle",2,2025-09-10 12:51:09,synthetic,79451,4531,24364,111,18,0,0,0
Ratan Tata,business_leaders,📢 Short sellers spreading FUD. Our fundamentals remain strong.,1,2025-09-10 12:51:09,synthetic,76898,2194,36643,62,9,0,0,0
Ratan Tata,business_leaders,Regulators need to understand technology before making rules. 🇮🇳,1,2025-09-10 12:51:09,synthetic,29434,2712,33297,64,9,0,0,0
Ratan Tata,business_leaders,RT @supporter: Short sellers spreading FUD. Our fundamentals remain strong.,1,2025-09-10 12:51:09,synthetic,26244,6565,31419,75,10,0,1,0
Ratan Tata,business_leaders,RT @supporter: Competitors copying our innovations again. Imitation is the sincerest form of flattery.,0,2025-09-10 12:51:09,synthetic,74358,6555,19050,102,14,0,1,0
Ratan Tata,business_leaders,MEDIA MISREPRESENTING OUR STATEMENTS. HERE ARE THE ACTUAL FACTS.,1,2025-09-10 12:51:09,synthetic,62722,9138,8314,64,9,0,0,0
Ratan Tata,business_leaders,CUSTOMER SATISFACTION IS OUR TOP PRIORITY. THANK YOU FOR YOUR TRUST!,2,2025-09-10 12:51:09,synthetic,633,8800,27991,68,11,0,0,0
Ratan Tata,business_leaders,Short sellers spreading FUD. Our fundamentals remain strong.,0,2025-09-10 12:51:09,synthetic,26637,1245,21739,60,8,0,0,0
Ratan Tata,business_leaders,Competitors copying our innovations again. Imitation is the sincerest form of flattery. #India,1,2025-09-10 12:51:09,synthetic,11866,3150,11644,94,13,1,0,0
Ratan Tata,business_leaders,BREAKING: Short sellers spreading FUD. Our fundamentals remain strong.,1,2025-09-10 12:51:09,synthetic,87444,1417,1489,70,9,0,0,0
Ratan Tata,business_leaders,📢 Short sellers spreading FUD. Our fundamentals remain strong.,1,2025-09-10 12:51:09,synthetic,94055,4922,17175,62,9,0,0,0
Ratan Tata,business_leaders,Regulators need to understand technology before making rules. (1/2),0,2025-09-10 12:51:09,synthetic,36321,9364,11316,67,9,0,0,0
Ratan Tata,business_leaders,AI will transform how we live and work. Embracing the future responsibly. 🇮🇳,2,2025-09-10 12:51:09,synthetic,43558,6053,10705,76,13,0,0,0
Ratan Tata,business_leaders,Competitors copying our innovations again. Imitation is the sincerest form of flattery. (1/2),1,2025-09-10 12:51:09,synthetic,76601,370,35190,93,13,0,0,0
Ratan Tata,business_leaders,Breaking barriers with breakthrough technology. The best is yet to come! #India,2,2025-09-10 12:51:09,synthetic,13062,169,30544,79,12,1,0,0
Ratan Tata,business_leaders,Short sellers spreading FUD. Our fundamentals remain strong.,0,2025-09-10 12:51:09,synthetic,97417,6086,455,60,8,0,0,0
Ratan Tata,business_leaders,BREAKING: Regulators need to understand technology before making rules.,0,2025-09-10 12:51:09,synthetic,24620,3194,27082,71,9,0,0,0
Ratan Tata,business_leaders,REGULATORY COMPLIANCE REVIEW COMPLETED SUCCESSFULLY.,2,2025-09-10 12:51:09,synthetic,3660,447,44803,52,5,0,0,0
Ratan Tata,business_leaders,Competitors copying our innovations again. Imitation is the sincerest form of flattery. - via official handle,1,2025-09-10 12:51:09,synthetic,29129,4199,3809,109,16,0,0,0
Ratan Tata,business_leaders,Competitors copying our innovations again. Imitation is the sincerest form of flattery. - via official handle,1,2025-09-10 12:51:09,synthetic,30467,1955,23221,109,16,0,0,0
Ratan Tata,business_leaders,📢 Traditional industries resisting change. Disruption is inevitable.,1,2025-09-10 12:51:09,synthetic,91669,8389,42645,68,8,0,0,0
Ratan Tata,business_leaders,RT @supporter: Regulatory compliance review completed successfully.,2,2025-09-10 12:51:09,synthetic,97028,4755,8262,67,7,0,1,0
Ratan Tata,business_leaders,Traditional industries resisting change. Disruption is inevitable. #India,1,2025-09-10 12:51:09,synthetic,41870,4764,4237,73,8,1,0,0
Amitabh Bachchan,celebrities,Dubbing session completed for upcoming release. (1/2),2,2025-09-10 12:51:09,synthetic,30546,8041,13695,53,7,0,0,0
Amitabh Bachchan,celebrities,Dubbing session completed for upcoming release. @AmitabhBachchan,2,2025-09-10 12:51:09,synthetic,26742,2610,21854,64,7,0,1,0
Amitabh Bachchan,celebrities,BREAKING: Critics who haven't achieved anything love to pull others down.,0,2025-09-10 12:51:09,synthetic,6431,1788,43406,73,11,0,0,0
Amitabh Bachchan,celebrities,📢 Thank you for making our film a blockbuster! Your love means everything.,2,2025-09-10 12:51:09,synthetic,40959,3940,18926,74,13,0,0,0
Amitabh Bachchan,celebrities,People judge without knowing the full story. Truth always prevails. 🇮🇳,1,2025-09-10 12:51:09,synthetic,18727,1940,23318,70,11,0,0,0
Amitabh Bachchan,celebrities,ON SET FOR THE NEW PROJECT. LONG DAY AHEAD.,2,2025-09-10 12:51:09,synthetic,72677,2924,21419,43,9,0,0,0
Amitabh Bachchan,celebrities,📢 Thank you for making our film a blockbuster! Your love means everything.,2,2025-09-10 12:51:09,synthetic,41271,4025,21010,74,13,0,0,0
Amitabh Bachchan,celebrities,Nepotism debate again? Let's talk about talent and hard work instead.,0,2025-09-10 12:51:09,synthetic,33896,2799,49999,69,11,0,0,0
Amitabh Bachchan,celebrities,BREAKING: Nepotism debate again? Let's talk about talent and hard work instead.,0,2025-09-10 12:51:09,synthetic,59712,3475,35042,79,12,0,0,0
Amitabh Bachchan,celebrities,"BREAKING: Dream big, work hard, stay humble. Success follows dedication.",2,2025-09-10 12:51:09,synthetic,40927,8948,11548,72,10,0,0,0
Amitabh Bachchan,celebrities,Nepotism debate again? Let's talk about talent and hard work instead. (1/2),1,2025-09-10 12:51:09,synthetic,72800,250,23377,75,12,0,0,0
Amitabh Bachchan,celebrities,Critics who haven't achieved anything love to pull others down.,1,2025-09-10 12:51:09,synthetic,95627,2470,31107,63,10,0,0,0
Amitabh Bachchan,celebrities,RT @supporter: Dubbing session completed for upcoming release.,2,2025-09-10 12:51:09,synthetic,5402,8704,18016,62,8,0,1,0
Amitabh Bachchan,celebrities,RT @supporter: Airport looks. Heading to the next shoot location.,2,2025-09-10 12:51:09,synthetic,90053,6511,14766,65,10,0,1,0
Amitabh Bachchan,celebrities,RT @supporter: Starting my day with positivity and gratitude. Hope you all have a great day!,2,2025-09-10 12:51:09,synthetic,37255,7717,49910,92,16,0,1,0
Amitabh Bachchan,celebrities,Trolls need to get a life. Spreading negativity won't affect my journey.,0,2025-09-10 12:51:09,synthetic,85205,8714,28707,72,12,0,0,0
Amitabh Bachchan,celebrities,Supporting education for underprivileged children. Every child deserves a chance. (1/2),2,2025-09-10 12:51:09,synthetic,79579,8415,36402,87,11,0,0,0
Amitabh Bachchan,celebrities,"BREAKING: Fitness is not about being better than someone else, it's about being better than you used to be.",2,2025-09-10 12:51:09,synthetic,89315,8667,39749,107,19,0,0,0
Amitabh Bachchan,celebrities,On set for the new project. Long day ahead.,2,2025-09-10 12:51:09,synthetic,75260,1803,21560,43,9,0,0,0
Amitabh Bachchan,celebrities,"Dream big, work hard, stay humble. Success follows dedication.",2,2025-09-10 12:51:09,synthetic,87309,145,44261,62,9,0,0,0
Amitabh Bachchan,celebrities,Starting my day with positivity and gratitude. Hope you all have a great day!,2,2025-09-10 12:51:09,synthetic,3619,5077,40146,77,14,0,0,0
Amitabh Bachchan,celebrities,Family time is the best time. Cherish every moment with loved ones. @AmitabhBachchan,2,2025-09-10 12:51:09,synthetic,31768,5481,22508,84,13,0,1,0
Amitabh Bachchan,celebrities,Airport looks. Heading to the next shoot location. @AmitabhBachchan,2,2025-09-10 12:51:09,synthetic,23409,644,27047,67,9,0,1,0
Amitabh Bachchan,celebrities,Supporting education for underprivileged children. Every child deserves a chance. (1/2),2,2025-09-10 12:51:09,synthetic,18196,2376,42435,87,11,0,0,0
Amitabh Bachchan,celebrities,Media creating stories out of nothing. Focus on real issues please. @AmitabhBachchan,0,2025-09-10 12:51:09,synthetic,9596,2046,14634,84,12,0,1,0
Amitabh Bachchan,celebrities,BREAKING: Trolls need to get a life. Spreading negativity won't affect my journey.,1,2025-09-10 12:51:09,synthetic,40479,951,31776,82,13,0,0,0
Shah Rukh Khan,celebrities,Thank you for making our film a blockbuster! Your love means everything. 🇮🇳,2,2025-09-10 12:51:09,synthetic,45263,6185,37957,75,13,0,0,0
Shah Rukh Khan,celebrities,People judge without knowing the full story. Truth always prevails. - via official handle,0,2025-09-10 12:51:09,synthetic,59686,7694,25224,89,14,0,0,0
Shah Rukh Khan,celebrities,Family time is the best time. Cherish every moment with loved ones.,2,2025-09-10 12:51:09,synthetic,45432,9748,57,67,12,0,0,0
Shah Rukh Khan,celebrities,RT @supporter: Critics who haven't achieved anything love to pull others down.,0,2025-09-10 12:51:09,synthetic,99592,4150,48552,78,12,0,1,0
Shah Rukh Khan,celebrities,RT @supporter: Trolls need to get a life. Spreading negativity won't affect my journey.,1,2025-09-10 12:51:09,synthetic,9521,2920,17281,87,14,0,1,0
Shah Rukh Khan,celebrities,Blessed to work with such talented people. Every day is a learning experience. - via official handle,2,2025-09-10 12:51:09,synthetic,79479,2123,8979,100,17,0,0,0
Shah Rukh Khan,celebrities,REHEARSALS GOING WELL. PERFORMANCE NEXT WEEK.,2,2025-09-10 12:51:09,synthetic,95070,4632,41478,45,6,0,0,0
Shah Rukh Khan,celebrities,Meeting with the production team today. #India,2,2025-09-10 12:51:09,synthetic,65894,134,32553,46,7,1,0,0
Shah Rukh Khan,celebrities,New movie releasing soon! Can't wait for you all to see it. #Cinema 🇮🇳,2,2025-09-10 12:51:09,synthetic,6106,8255,35885,70,14,1,0,0
Shah Rukh Khan,celebrities,RT @supporter: Critics who haven't achieved anything love to pull others down.,0,2025-09-10 12:51:09,synthetic,28222,1052,3097,78,12,0,1,0
Shah Rukh Khan,celebrities,New movie releasing soon! Can't wait for you all to see it. #Cinema - via official handle,2,2025-09-10 12:51:09,synthetic,63353,6200,3551,89,17,1,0,0
Shah Rukh Khan,celebrities,Trolls need to get a life. Spreading negativity won't affect my journey.,1,2025-09-10 12:51:09,synthetic,66911,3216,27337,72,12,0,0,0
Shah Rukh Khan,celebrities,BREAKING: Nepotism debate again? Let's talk about talent and hard work instead.,0,2025-09-10 12:51:09,synthetic,9132,481,38665,79,12,0,0,0
Shah Rukh Khan,celebrities,GRATEFUL FOR ALL THE LOVE AND SUPPORT FROM FANS! YOU MAKE IT ALL WORTHWHILE ❤️,2,2025-09-10 12:51:09,synthetic,64907,8936,48303,78,15,0,0,0
Shah Rukh Khan,celebrities,On set for the new project. Long day ahead. #India,2,2025-09-10 12:51:09,synthetic,36760,5688,8719,50,10,1,0,0
Shah Rukh Khan,celebrities,Thank you for making our film a blockbuster! Your love means everything. 🇮🇳,2,2025-09-10 12:51:09,synthetic,1673,2613,15750,75,13,0,0,0
Shah Rukh Khan,celebrities,📢 People judge without knowing the full story. Truth always prevails.,1,2025-09-10 12:51:09,synthetic,56438,8774,34147,69,11,0,0,0
Shah Rukh Khan,celebrities,Nepotism debate again? Let's talk about talent and hard work instead. 🇮🇳,1,2025-09-10 12:51:09,synthetic,70984,3918,49377,72,12,0,0,0
Shah Rukh Khan,celebrities,Trolls need to get a life. Spreading negativity won't affect my journey. #India,1,2025-09-10 12:51:09,synthetic,54947,6899,29130,79,13,1,0,0
Shah Rukh Khan,celebrities,Supporting education for underprivileged children. Every child deserves a chance. 🇮🇳,2,2025-09-10 12:51:09,synthetic,86669,453,49157,84,11,0,0,0
Shah Rukh Khan,celebrities,New movie releasing soon! Can't wait for you all to see it. #Cinema,2,2025-09-10 12:51:09,synthetic,59481,4267,14734,67,13,1,0,0
Shah Rukh Khan,celebrities,TROLLS NEED TO GET A LIFE. SPREADING NEGATIVITY WON'T AFFECT MY JOURNEY.,0,2025-09-10 12:51:09,synthetic,47634,8089,49806,72,12,0,0,0
Shah Rukh Khan,celebrities,RT @supporter: On set for the new project. Long day ahead.,2,2025-09-10 12:51:09,synthetic,70297,2023,6131,58,11,0,1,0
Shah Rukh Khan,celebrities,"Fitness is not about being better than someone else, it's about being better than you used to be. - via official handle",2,2025-09-10 12:51:09,synthetic,48627,9267,10360,119,22,0,0,0
Shah Rukh Khan,celebrities,📢 Supporting education for underprivileged children. Every child deserves a chance.,2,2025-09-10 12:51:09,synthetic,5286,9885,41749,83,11,0,0,0
Shah Rukh Khan,celebrities,Nepotism debate again? Let's talk about talent and hard work instead. - via official handle,1,2025-09-10 12:51:09,synthetic,38606,1189,40728,91,15,0,0,0
Virat Kohli,celebrities,People judge without knowing the full story. Truth always prevails. - via official handle,1,2025-09-10 12:51:10,synthetic,53659,6485,41460,89,14,0,0,0
Virat Kohli,celebrities,BREAKING: New movie releasing soon! Can't wait for you all to see it. #Cinema,2,2025-09-10 12:51:10,synthetic,74425,6554,48741,77,14,1,0,0
Virat Kohli,celebrities,📢 People judge without knowing the full story. Truth always prevails.,0,2025-09-10 12:51:10,synthetic,10841,2177,8874,69,11,0,0,0
Virat Kohli,celebrities,REHEARSALS GOING WELL. PERFORMANCE NEXT WEEK.,2,2025-09-10 12:51:10,synthetic,68372,3909,27579,45,6,0,0,0
Virat Kohli,celebrities,Nepotism debate again? Let's talk about talent and hard work instead. - via official handle,1,2025-09-10 12:51:10,synthetic,9537,6924,32494,91,15,0,0,0
Virat Kohli,celebrities,AIRPORT LOOKS. HEADING TO THE NEXT SHOOT LOCATION.,2,2025-09-10 12:51:10,synthetic,18770,782,11719,50,8,0,0,0
Virat Kohli,celebrities,Starting my day with positivity and gratitude. Hope you all have a great day! #India,2,2025-09-10 12:51:10,synthetic,18663,6947,26953,84,15,1,0,0
Virat Kohli,celebrities,Blessed to work with such talented people. Every day is a learning experience. 🇮🇳,2,2025-09-10 12:51:10,synthetic,83459,3544,37393,81,14,0,0,0
Virat Kohli,celebrities,Trolls need to get a life. Spreading negativity won't affect my journey. - via official handle,1,2025-09-10 12:51:10,synthetic,48568,5007,37946,94,16,0,0,0
Virat Kohli,celebrities,"MUSIC, SPORTS, CINEMA - ART UNITES US ALL. PROUD TO BE PART OF THIS INDUSTRY.",2,2025-09-10 12:51:10,synthetic,93746,6330,21793,77,15,0,0,0
Virat Kohli,celebrities,BREAKING: Trolls need to get a life. Spreading negativity won't affect my journey.,1,2025-09-10 12:51:10,synthetic,17990,1241,45837,82,13,0,0,0
Virat Kohli,celebrities,BREAKING: People judge without knowing the full story. Truth always prevails.,0,2025-09-10 12:51:10,synthetic,24653,1563,34812,77,11,0,0,0
Virat Kohli,celebrities,Starting my day with positivity and gratitude. Hope you all have a great day! (1/2),2,2025-09-10 12:51:10,synthetic,91199,8638,27957,83,15,0,0,0
Virat Kohli,celebrities,📢 Media creating stories out of nothing. Focus on real issues please.,0,2025-09-10 12:51:10,synthetic,40929,3069,5391,69,12,0,0,0
Virat Kohli,celebrities,Family time is the best time. Cherish every moment with loved ones. @ViratKohli,2,2025-09-10 12:51:10,synthetic,33728,2118,24512,79,13,0,1,0
Virat Kohli,celebrities,📢 Rehearsals going well. Performance next week.,2,2025-09-10 12:51:10,synthetic,27480,6563,6434,47,7,0,0,0
Virat Kohli,celebrities,"Fitness is not about being better than someone else, it's about being better than you used to be. - via official handle",2,2025-09-10 12:51:10,synthetic,35217,46,9620,119,22,0,0,0
Virat Kohli,celebrities,People judge without knowing the full story. Truth always prevails. (1/2),1,2025-09-10 12:51:10,synthetic,99497,3604,47849,73,11,0,0,0
Virat Kohli,celebrities,Critics who haven't achieved anything love to pull others down. 🇮🇳,1,2025-09-10 12:51:10,synthetic,49302,1708,32905,66,11,0,0,0
Virat Kohli,celebrities,On set for the new project. Long day ahead. 🇮🇳,2,2025-09-10 12:51:10,synthetic,41671,9796,44424,46,10,0,0,0
Virat Kohli,celebrities,Meeting with the production team today.,2,2025-09-10 12:51:10,synthetic,1870,1530,16433,39,6,0,0,0
Virat Kohli,celebrities,Dubbing session completed for upcoming release. 🇮🇳,2,2025-09-10 12:51:10,synthetic,61875,1275,9734,50,7,0,0,0
Virat Kohli,celebrities,SUPPORTING EDUCATION FOR UNDERPRIVILEGED CHILDREN. EVERY CHILD DESERVES A CHANCE.,2,2025-09-10 12:51:10,synthetic,60566,5593,13728,81,10,0,0,0
Virat Kohli,celebrities,RT @supporter: Family time is the best time. Cherish every moment with loved ones.,2,2025-09-10 12:51:10,synthetic,82261,912,38059,82,14,0,1,0
Virat Kohli,celebrities,Dubbing session completed for upcoming release. 🇮🇳,2,2025-09-10 12:51:10,synthetic,20946,6148,23289,50,7,0,0,0
Virat Kohli,celebrities,📢 Trolls need to get a life. Spreading negativity won't affect my journey.,1,2025-09-10 12:51:10,synthetic,77191,2531,40803,74,13,0,0,0
MS Dhoni,celebrities,DUBBING SESSION COMPLETED FOR UPCOMING RELEASE.,2,2025-09-10 12:51:10,synthetic,7988,9160,14200,47,6,0,0,0
MS Dhoni,celebrities,On set for the new project. Long day ahead. - via official handle,2,2025-09-10 12:51:10,synthetic,42427,8512,27166,65,13,0,0,0
MS Dhoni,celebrities,People judge without knowing the full story. Truth always prevails. @MSDhoni,1,2025-09-10 12:51:10,synthetic,73806,8269,15920,76,11,0,1,0
MS Dhoni,celebrities,"BREAKING: Dream big, work hard, stay humble. Success follows dedication.",2,2025-09-10 12:51:10,synthetic,65467,169,21834,72,10,0,0,0
MS Dhoni,celebrities,Media creating stories out of nothing. Focus on real issues please. - via official handle,1,2025-09-10 12:51:10,synthetic,26501,5262,45390,89,15,0,0,0
MS Dhoni,celebrities,Media creating stories out of nothing. Focus on real issues please. - via official handle,1,2025-09-10 12:51:10,synthetic,26941,6267,33372,89,15,0,0,0
MS Dhoni,celebrities,Dubbing session completed for upcoming release. (1/2),2,2025-09-10 12:51:10,synthetic,17542,8430,4099,53,7,0,0,0
MS Dhoni,celebrities,Grateful for all the love and support from fans! You make it all worthwhile ❤️ #India,2,2025-09-10 12:51:10,synthetic,75521,6264,31187,85,16,1,0,0
MS Dhoni,celebrities,Thank you for making our film a blockbuster! Your love means everything. - via official handle,2,2025-09-10 12:51:10,synthetic,17207,974,15447,94,16,0,0,0
MS Dhoni,celebrities,Media creating stories out of nothing. Focus on real issues please. (1/2),1,2025-09-10 12:51:10,synthetic,19533,2919,46380,73,12,0,0,0
MS Dhoni,celebrities,Critics who haven't achieved anything love to pull others down. 🇮🇳,0,2025-09-10 12:51:10,synthetic,16055,6415,35600,66,11,0,0,0
MS Dhoni,celebrities,Family time is the best time. Cherish every moment with loved ones. (1/2),2,2025-09-10 12:51:10,synthetic,15964,4404,44702,73,13,0,0,0
MS Dhoni,celebrities,"RT @supporter: Music, sports, cinema - art unites us all. Proud to be part of this industry.",2,2025-09-10 12:51:10,synthetic,69762,3210,21976,92,17,0,1,0
MS Dhoni,celebrities,📢 Nepotism debate again? Let's talk about talent and hard work instead.,1,2025-09-10 12:51:10,synthetic,25716,3364,42326,71,12,0,0,0
MS Dhoni,celebrities,On set for the new project. Long day ahead.,2,2025-09-10 12:51:10,synthetic,4265,7534,32261,43,9,0,0,0
MS Dhoni,celebrities,Dubbing session completed for upcoming release.,2,2025-09-10 12:51:10,synthetic,63861,8729,35185,47,6,0,0,0
MS Dhoni,celebrities,"Fitness is not about being better than someone else, it's about being better than you used to be. #India",2,2025-09-10 12:51:10,synthetic,23555,1559,1875,104,19,1,0,0
MS Dhoni,celebrities,"📢 Dream big, work hard, stay humble. Success follows dedication.",2,2025-09-10 12:51:10,synthetic,25231,8895,25580,64,10,0,0,0
MS Dhoni,celebrities,On set for the new project. Long day ahead. @MSDhoni,2,2025-09-10 12:51:10,synthetic,26736,2739,8499,52,10,0,1,0
MS Dhoni,celebrities,Rehearsals going well. Performance next week. (1/2),2,2025-09-10 12:51:10,synthetic,19961,6975,2389,51,7,0,0,0
MS Dhoni,celebrities,On set for the new project. Long day ahead. #India,2,2025-09-10 12:51:10,synthetic,34415,2939,18119,50,10,1,0,0
MS Dhoni,celebrities,Grateful for all the love and support from fans! You make it all worthwhile ❤️ (1/2),2,2025-09-10 12:51:10,synthetic,92479,500,731,84,16,0,0,0
MS Dhoni,celebrities,Nepotism debate again? Let's talk about talent and hard work instead. - via official handle,1,2025-09-10 12:51:10,synthetic,97977,5376,16362,91,15,0,0,0
MS Dhoni,celebrities,RT @supporter: People judge without knowing the full story. Truth always prevails.,1,2025-09-10 12:51:10,synthetic,7110,3258,3341,82,12,0,1,0
MS Dhoni,celebrities,"Fitness is not about being better than someone else, it's about being better than you used to be. @MSDhoni",2,2025-09-10 12:51:10,synthetic,14107,5213,40502,106,19,0,1,0
MS Dhoni,celebrities,Media creating stories out of nothing. Focus on real issues please. 🇮🇳,0,2025-09-10 12:51:10,synthetic,50962,1656,4679,70,12,0,0,0
Sachin Tendulkar,celebrities,BLESSED TO WORK WITH SUCH TALENTED PEOPLE. EVERY DAY IS A LEARNING EXPERIENCE.,2,2025-09-10 12:51:10,synthetic,27168,1048,24749,78,13,0,0,0
Sachin Tendulkar,celebrities,"Dream big, work hard, stay humble. Success follows dedication. #India",2,2025-09-10 12:51:10,synthetic,70767,4107,22879,69,10,1,0,0
Sachin Tendulkar,celebrities,Grateful for all the love and support from fans! You make it all worthwhile ❤️ (1/2),2,2025-09-10 12:51:10,synthetic,54462,6598,19524,84,16,0,0,0
Sachin Tendulkar,celebrities,Critics who haven't achieved anything love to pull others down. @SachinTendulkar,1,2025-09-10 12:51:10,synthetic,27101,4465,27888,80,11,0,1,0
Sachin Tendulkar,celebrities,BREAKING: Media creating stories out of nothing. Focus on real issues please.,1,2025-09-10 12:51:10,synthetic,37618,8941,30195,77,12,0,0,0
Sachin Tendulkar,celebrities,BLESSED TO WORK WITH SUCH TALENTED PEOPLE. EVERY DAY IS A LEARNING EXPERIENCE.,2,2025-09-10 12:51:10,synthetic,81592,5857,45120,78,13,0,0,0
Sachin Tendulkar,celebrities,📢 Starting my day with positivity and gratitude. Hope you all have a great day!,2,2025-09-10 12:51:10,synthetic,21224,1993,38373,79,15,0,0,0
Sachin Tendulkar,celebrities,📢 Supporting education for underprivileged children. Every child deserves a chance.,2,2025-09-10 12:51:10,synthetic,47103,4994,34994,83,11,0,0,0
Sachin Tendulkar,celebrities,New movie releasing soon! Can't wait for you all to see it. #Cinema 🇮🇳,2,2025-09-10 12:51:10,synthetic,81511,5526,15465,70,14,1,0,0
Sachin Tendulkar,celebrities,Media creating stories out of nothing. Focus on real issues please. @SachinTendulkar,0,2025-09-10 12:51:10,synthetic,38189,8357,10734,84,12,0,1,0
Sachin Tendulkar,celebrities,Media creating stories out of nothing. Focus on real issues please.,0,2025-09-10 12:51:10,synthetic,22393,3224,4047,67,11,0,0,0
Sachin Tendulkar,celebrities,Trolls need to get a life. Spreading negativity won't affect my journey.,1,2025-09-10 12:51:10,synthetic,81683,3663,14624,72,12,0,0,0
Sachin Tendulkar,celebrities,RT @supporter: Starting my day with positivity and gratitude. Hope you all have a great day!,2,2025-09-10 12:51:10,synthetic,43160,223,36551,92,16,0,1,0
Sachin Tendulkar,celebrities,CRITICS WHO HAVEN'T ACHIEVED ANYTHING LOVE TO PULL OTHERS DOWN.,0,2025-09-10 12:51:10,synthetic,43849,19,46694,63,10,0,0,0
Sachin Tendulkar,celebrities,Blessed to work with such talented people. Every day is a learning experience. - via official handle,2,2025-09-10 12:51:10,synthetic,36248,99,25544,100,17,0,0,0
Sachin Tendulkar,celebrities,Media creating stories out of nothing. Focus on real issues please.,1,2025-09-10 12:51:10,synthetic,29318,1897,43250,67,11,0,0,0
Sachin Tendulkar,celebrities,Rehearsals going well. Performance next week. - via official handle,2,2025-09-10 12:51:10,synthetic,32979,4110,39029,67,10,0,0,0
Sachin Tendulkar,celebrities,📢 Rehearsals going well. Performance next week.,2,2025-09-10 12:51:10,synthetic,18842,9759,15652,47,7,0,0,0
Sachin Tendulkar,celebrities,BREAKING: Family time is the best time. Cherish every moment with loved ones.,2,2025-09-10 12:51:10,synthetic,5261,7395,40237,77,13,0,0,0
Sachin Tendulkar,celebrities,BREAKING: Media creating stories out of nothing. Focus on real issues please.,0,2025-09-10 12:51:10,synthetic,76296,1511,49322,77,12,0,0,0
Sachin Tendulkar,celebrities,Trolls need to get a life. Spreading negativity won't affect my journey. (1/2),1,2025-09-10 12:51:10,synthetic,9199,1249,19593,78,13,0,0,0
Sachin Tendulkar,celebrities,📢 People judge without knowing the full story. Truth always prevails.,0,2025-09-10 12:51:10,synthetic,53261,7951,3493,69,11,0,0,0
Sachin Tendulkar,celebrities,📢 People judge without knowing the full story. Truth always prevails.,1,2025-09-10 12:51:10,synthetic,14155,7549,42689,69,11,0,0,0
Sachin Tendulkar,celebrities,RT @supporter: Nepotism debate again? Let's talk about talent and hard work instead.,1,2025-09-10 12:51:10,synthetic,58583,8752,27344,84,13,0,1,0
Sachin Tendulkar,celebrities,Nepotism debate again? Let's talk about talent and hard work instead. - via official handle,1,2025-09-10 12:51:10,synthetic,82720,3276,34674,91,15,0,0,0
Sachin Tendulkar,celebrities,AIRPORT LOOKS. HEADING TO THE NEXT SHOOT LOCATION.,2,2025-09-10 12:51:10,synthetic,37526,7872,3709,50,8,0,0,0
Priyanka Chopra,celebrities,On set for the new project. Long day ahead. #India,2,2025-09-10 12:51:10,synthetic,49944,1534,9210,50,10,1,0,0
Priyanka Chopra,celebrities,Supporting education for underprivileged children. Every child deserves a chance.,2,2025-09-10 12:51:10,synthetic,70674,6630,12474,81,10,0,0,0
Priyanka Chopra,celebrities,"RT @supporter: Fitness is not about being better than someone else, it's about being better than you used to be.",2,2025-09-10 12:51:10,synthetic,86521,2492,14664,112,20,0,1,0
Priyanka Chopra,celebrities,Starting my day with positivity and gratitude. Hope you all have a great day! - via official handle,2,2025-09-10 12:51:10,synthetic,1332,2071,19676,99,18,0,0,0
Priyanka Chopra,celebrities,Meeting with the production team today. (1/2),2,2025-09-10 12:51:10,synthetic,88069,2116,36733,45,7,0,0,0
Priyanka Chopra,celebrities,REHEARSALS GOING WELL. PERFORMANCE NEXT WEEK.,2,2025-09-10 12:51:10,synthetic,87178,848,22421,45,6,0,0,0
Priyanka Chopra,celebrities,Supporting education for underprivileged children. Every child deserves a chance. 🇮🇳,2,2025-09-10 12:51:10,synthetic,26622,3125,27486,84,11,0,0,0
Priyanka Chopra,celebrities,RT @supporter: Trolls need to get a life. Spreading negativity won't affect my journey.,1,2025-09-10 12:51:10,synthetic,1991,1595,25443,87,14,0,1,0
Priyanka Chopra,celebrities,"Dream big, work hard, stay humble. Success follows dedication. 🇮🇳",2,2025-09-10 12:51:10,synthetic,46638,2223,36609,65,10,0,0,0
Priyanka Chopra,celebrities,Rehearsals going well. Performance next week. #India,2,2025-09-10 12:51:10,synthetic,76602,4567,12100,52,7,1,0,0
Priyanka Chopra,celebrities,Critics who haven't achieved anything love to pull others down. #India,1,2025-09-10 12:51:10,synthetic,89177,8748,8738,70,11,1,0,0
Priyanka Chopra,celebrities,Blessed to work with such talented people. Every day is a learning experience. - via official handle,2,2025-09-10 12:51:10,synthetic,99839,527,37098,100,17,0,0,0
Priyanka Chopra,celebrities,BREAKING: Critics who haven't achieved anything love to pull others down.,0,2025-09-10 12:51:10,synthetic,14117,2371,5810,73,11,0,0,0
Priyanka Chopra,celebrities,BREAKING: Dubbing session completed for upcoming release.,2,2025-09-10 12:51:10,synthetic,21248,8312,41132,57,7,0,0,0
Priyanka Chopra,celebrities,Media creating stories out of nothing. Focus on real issues please.,0,2025-09-10 12:51:10,synthetic,13808,866,13211,67,11,0,0,0
Priyanka Chopra,celebrities,BREAKING: People judge without knowing the full story. Truth always prevails.,0,2025-09-10 12:51:10,synthetic,85978,3067,14026,77,11,0,0,0
Priyanka Chopra,celebrities,Critics who haven't achieved anything love to pull others down. (1/2),0,2025-09-10 12:51:10,synthetic,58437,6422,28399,69,11,0,0,0
Priyanka Chopra,celebrities,"Fitness is not about being better than someone else, it's about being better than you used to be. (1/2)",2,2025-09-10 12:51:10,synthetic,87741,6363,37390,103,19,0,0,0
Priyanka Chopra,celebrities,BREAKING: Trolls need to get a life. Spreading negativity won't affect my journey.,1,2025-09-10 12:51:10,synthetic,25527,94,46947,82,13,0,0,0
Priyanka Chopra,celebrities,RT @supporter: Nepotism debate again? Let's talk about talent and hard work instead.,0,2025-09-10 12:51:10,synthetic,76022,1268,28793,84,13,0,1,0
Priyanka Chopra,celebrities,Dubbing session completed for upcoming release. (1/2),2,2025-09-10 12:51:10,synthetic,71403,2358,14556,53,7,0,0,0
Priyanka Chopra,celebrities,THANK YOU FOR MAKING OUR FILM A BLOCKBUSTER! YOUR LOVE MEANS EVERYTHING.,2,2025-09-10 12:51:10,synthetic,85414,4026,28945,72,12,0,0,0
Priyanka Chopra,celebrities,"Dream big, work hard, stay humble. Success follows dedication. (1/2)",2,2025-09-10 12:51:10,synthetic,59244,2839,3275,68,10,0,0,0
Priyanka Chopra,celebrities,Rehearsals going well. Performance next week. @PriyankaChopra,2,2025-09-10 12:51:10,synthetic,44026,8115,49306,61,7,0,1,0
Priyanka Chopra,celebrities,Thank you for making our film a blockbuster! Your love means everything.,2,2025-09-10 12:51:10,synthetic,86969,4707,49100,72,12,0,0,0
Priyanka Chopra,celebrities,RT @supporter: Nepotism debate again? Let's talk about talent and hard work instead.,1,2025-09-10 12:51:10,synthetic,24632,2461,38614,84,13,0,1,0
Deepika Padukone,celebrities,BREAKING: Grateful for all the love and support from fans! You make it all worthwhile ❤️,2,2025-09-10 12:51:10,synthetic,75737,8975,46075,88,16,0,0,0
Deepika Padukone,celebrities,Dubbing session completed for upcoming release.,2,2025-09-10 12:51:10,synthetic,84465,8106,20590,47,6,0,0,0
Deepika Padukone,celebrities,RT @supporter: Trolls need to get a life. Spreading negativity won't affect my journey.,1,2025-09-10 12:51:10,synthetic,90007,8090,18271,87,14,0,1,0
Deepika Padukone,celebrities,NEPOTISM DEBATE AGAIN? LET'S TALK ABOUT TALENT AND HARD WORK INSTEAD.,1,2025-09-10 12:51:10,synthetic,87823,1113,19682,69,11,0,0,0
Deepika Padukone,celebrities,New movie releasing soon! Can't wait for you all to see it. #Cinema,2,2025-09-10 12:51:10,synthetic,79232,4320,19575,67,13,1,0,0
Deepika Padukone,celebrities,People judge without knowing the full story. Truth always prevails. 🇮🇳,1,2025-09-10 12:51:10,synthetic,37290,690,4373,70,11,0,0,0
Deepika Padukone,celebrities,📢 Airport looks. Heading to the next shoot location.,2,2025-09-10 12:51:10,synthetic,26113,4532,4125,52,9,0,0,0
Deepika Padukone,celebrities,Media creating stories out of nothing. Focus on real issues please. 🇮🇳,1,2025-09-10 12:51:10,synthetic,27393,9068,35568,70,12,0,0,0
Deepika Padukone,celebrities,Media creating stories out of nothing. Focus on real issues please. #India,0,2025-09-10 12:51:10,synthetic,12642,8666,45134,74,12,1,0,0
Deepika Padukone,celebrities,On set for the new project. Long day ahead. 🇮🇳,2,2025-09-10 12:51:10,synthetic,44856,9571,11157,46,10,0,0,0
Deepika Padukone,celebrities,Media creating stories out of nothing. Focus on real issues please. 🇮🇳,1,2025-09-10 12:51:10,synthetic,77509,9190,5966,70,12,0,0,0
Deepika Padukone,celebrities,On set for the new project. Long day ahead. 🇮🇳,2,2025-09-10 12:51:10,synthetic,45915,3144,23503,46,10,0,0,0
Deepika Padukone,celebrities,Blessed to work with such talented people. Every day is a learning experience. #India,2,2025-09-10 12:51:10,synthetic,20144,7414,29479,85,14,1,0,0
Deepika Padukone,celebrities,RT @supporter: Critics who haven't achieved anything love to pull others down.,1,2025-09-10 12:51:10,synthetic,52899,803,8572,78,12,0,1,0
Deepika Padukone,celebrities,"Fitness is not about being better than someone else, it's about being better than you used to be. #India",2,2025-09-10 12:51:10,synthetic,22065,1120,13176,104,19,1,0,0
Deepika Padukone,celebrities,New movie releasing soon! Can't wait for you all to see it. #Cinema #India,2,2025-09-10 12:51:10,synthetic,86782,939,7456,74,14,2,0,0
Deepika Padukone,celebrities,📢 Critics who haven't achieved anything love to pull others down.,1,2025-09-10 12:51:10,synthetic,72350,6324,701,65,11,0,0,0
Deepika Padukone,celebrities,Starting my day with positivity and gratitude. Hope you all have a great day! (1/2),2,2025-09-10 12:51:10,synthetic,87436,9785,12026,83,15,0,0,0
Deepika Padukone,celebrities,RT @supporter: Critics who haven't achieved anything love to pull others down.,1,2025-09-10 12:51:10,synthetic,43054,7269,4389,78,12,0,1,0
Deepika Padukone,celebrities,TROLLS NEED TO GET A LIFE. SPREADING NEGATIVITY WON'T AFFECT MY JOURNEY.,1,2025-09-10 12:51:10,synthetic,73403,5491,35386,72,12,0,0,0
Deepika Padukone,celebrities,RT @supporter: Critics who haven't achieved anything love to pull others down.,0,2025-09-10 12:51:10,synthetic,28976,167,11267,78,12,0,1,0
Deepika Padukone,celebrities,RT @supporter: Trolls need to get a life. Spreading negativity won't affect my journey.,1,2025-09-10 12:51:10,synthetic,44517,8750,34800,87,14,0,1,0
Deepika Padukone,celebrities,"Dream big, work hard, stay humble. Success follows dedication. #India",2,2025-09-10 12:51:10,synthetic,92607,665,28841,69,10,1,0,0
Deepika Padukone,celebrities,Supporting education for underprivileged children. Every child deserves a chance. 🇮🇳,2,2025-09-10 12:51:10,synthetic,88718,1109,20383,84,11,0,0,0
Deepika Padukone,celebrities,On set for the new project. Long day ahead.,2,2025-09-10 12:51:10,synthetic,93075,182,9817,43,9,0,0,0
Deepika Padukone,celebrities,GRATEFUL FOR ALL THE LOVE AND SUPPORT FROM FANS! YOU MAKE IT ALL WORTHWHILE ❤️,2,2025-09-10 12:51:10,synthetic,20787,4763,28615,78,15,0,0,0
AR Rahman,celebrities,Critics who haven't achieved anything love to pull others down.,1,2025-09-10 12:51:10,synthetic,25675,3116,13778,63,10,0,0,0
AR Rahman,celebrities,Media creating stories out of nothing. Focus on real issues please. @ARRahman,0,2025-09-10 12:51:10,synthetic,70025,1918,29496,77,12,0,1,0
AR Rahman,celebrities,BLESSED TO WORK WITH SUCH TALENTED PEOPLE. EVERY DAY IS A LEARNING EXPERIENCE.,2,2025-09-10 12:51:10,synthetic,49547,2545,43111,78,13,0,0,0
AR Rahman,celebrities,People judge without knowing the full story. Truth always prevails.,1,2025-09-10 12:51:10,synthetic,58204,1013,34337,67,10,0,0,0
AR Rahman,celebrities,"BREAKING: Dream big, work hard, stay humble. Success follows dedication.",2,2025-09-10 12:51:10,synthetic,48033,7592,32838,72,10,0,0,0
AR Rahman,celebrities,BREAKING: Media creating stories out of nothing. Focus on real issues please.,0,2025-09-10 12:51:10,synthetic,38287,1835,5680,77,12,0,0,0
AR Rahman,celebrities,BREAKING: Trolls need to get a life. Spreading negativity won't affect my journey.,1,2025-09-10 12:51:10,synthetic,11839,882,30417,82,13,0,0,0
AR Rahman,celebrities,Rehearsals going well. Performance next week. 🇮🇳,2,2025-09-10 12:51:10,synthetic,27438,2390,48767,48,7,0,0,0
AR Rahman,celebrities,REHEARSALS GOING WELL. PERFORMANCE NEXT WEEK.,2,2025-09-10 12:51:10,synthetic,97405,1456,41366,45,6,0,0,0
AR Rahman,celebrities,BREAKING: Rehearsals going well. Performance next week.,2,2025-09-10 12:51:10,synthetic,70744,5776,15681,55,7,0,0,0
AR Rahman,celebrities,BREAKING: Trolls need to get a life. Spreading negativity won't affect my journey.,0,2025-09-10 12:51:10,synthetic,61418,4437,48948,82,13,0,0,0
AR Rahman,celebrities,BREAKING: Supporting education for underprivileged children. Every child deserves a chance.,2,2025-09-10 12:51:10,synthetic,3199,8331,40147,91,11,0,0,0
AR Rahman,celebrities,ON SET FOR THE NEW PROJECT. LONG DAY AHEAD.,2,2025-09-10 12:51:10,synthetic,49633,4090,41531,43,9,0,0,0
AR Rahman,celebrities,People judge without knowing the full story. Truth always prevails. #India,1,2025-09-10 12:51:10,synthetic,47369,7546,16048,74,11,1,0,0
AR Rahman,celebrities,Supporting education for underprivileged children. Every child deserves a chance. - via official handle,2,2025-09-10 12:51:10,synthetic,81266,421,29805,103,14,0,0,0
AR Rahman,celebrities,RT @supporter: Starting my day with positivity and gratitude. Hope you all have a great day!,2,2025-09-10 12:51:10,synthetic,13816,258,4337,92,16,0,1,0
AR Rahman,celebrities,RT @supporter: Starting my day with positivity and gratitude. Hope you all have a great day!,2,2025-09-10 12:51:10,synthetic,86215,8865,28387,92,16,0,1,0
AR Rahman,celebrities,"Fitness is not about being better than someone else, it's about being better than you used to be. #India",2,2025-09-10 12:51:10,synthetic,87934,772,13301,104,19,1,0,0
AR Rahman,celebrities,CRITICS WHO HAVEN'T ACHIEVED ANYTHING LOVE TO PULL OTHERS DOWN.,0,2025-09-10 12:51:10,synthetic,91046,9166,11459,63,10,0,0,0
AR Rahman,celebrities,Critics who haven't achieved anything love to pull others down. 🇮🇳,1,2025-09-10 12:51:10,synthetic,73083,9389,2552,66,11,0,0,0
AR Rahman,celebrities,RT @supporter: Rehearsals going well. Performance next week.,2,2025-09-10 12:51:10,synthetic,90630,8020,34635,60,8,0,1,0
AR Rahman,celebrities,BREAKING: On set for the new project. Long day ahead.,2,2025-09-10 12:51:10,synthetic,6127,6100,32440,53,10,0,0,0
AR Rahman,celebrities,On set for the new project. Long day ahead. @ARRahman,2,2025-09-10 12:51:10,synthetic,85225,1435,3871,53,10,0,1,0
AR Rahman,celebrities,📢 Media creating stories out of nothing. Focus on real issues please.,0,2025-09-10 12:51:10,synthetic,37572,5347,43546,69,12,0,0,0
AR Rahman,celebrities,BLESSED TO WORK WITH SUCH TALENTED PEOPLE. EVERY DAY IS A LEARNING EXPERIENCE.,2,2025-09-10 12:51:10,synthetic,54321,360,1094,78,13,0,0,0
AR Rahman,celebrities,BREAKING: Nepotism debate again? Let's talk about talent and hard work instead.,1,2025-09-10 12:51:10,synthetic,26669,6393,8153,79,12,0,0,0
Akshay Kumar,celebrities,"RT @supporter: Dream big, work hard, stay humble. Success follows dedication.",2,2025-09-10 12:51:10,synthetic,19195,8404,13578,77,11,0,1,0
Akshay Kumar,celebrities,TROLLS NEED TO GET A LIFE. SPREADING NEGATIVITY WON'T AFFECT MY JOURNEY.,0,2025-09-10 12:51:10,synthetic,46361,381,337,72,12,0,0,0
Akshay Kumar,celebrities,📢 On set for the new project. Long day ahead.,2,2025-09-10 12:51:10,synthetic,43624,2279,35791,45,10,0,0,0
Akshay Kumar,celebrities,Media creating stories out of nothing. Focus on real issues please. (1/2),0,2025-09-10 12:51:10,synthetic,39352,1078,13316,73,12,0,0,0
Akshay Kumar,celebrities,"Fitness is not about being better than someone else, it's about being better than you used to be. 🇮🇳",2,2025-09-10 12:51:10,synthetic,50684,4073,43908,100,19,0,0,0
Akshay Kumar,celebrities,Thank you for making our film a blockbuster! Your love means everything.,2,2025-09-10 12:51:10,synthetic,56721,6433,14758,72,12,0,0,0
Akshay Kumar,celebrities,Grateful for all the love and support from fans! You make it all worthwhile ❤️ @AkshayKumar,2,2025-09-10 12:51:10,synthetic,42307,3989,42205,91,16,0,1,0
Akshay Kumar,celebrities,Blessed to work with such talented people. Every day is a learning experience. 🇮🇳,2,2025-09-10 12:51:10,synthetic,49113,7072,47123,81,14,0,0,0
Akshay Kumar,celebrities,People judge without knowing the full story. Truth always prevails. @AkshayKumar,1,2025-09-10 12:51:10,synthetic,93855,9151,12318,80,11,0,1,0
Akshay Kumar,celebrities,Supporting education for underprivileged children. Every child deserves a chance. #India,2,2025-09-10 12:51:10,synthetic,74768,5799,21372,88,11,1,0,0
Akshay Kumar,celebrities,📢 Trolls need to get a life. Spreading negativity won't affect my journey.,1,2025-09-10 12:51:10,synthetic,23195,6202,30997,74,13,0,0,0
Akshay Kumar,celebrities,📢 Starting my day with positivity and gratitude. Hope you all have a great day!,2,2025-09-10 12:51:10,synthetic,11195,2318,5486,79,15,0,0,0
Akshay Kumar,celebrities,Trolls need to get a life. Spreading negativity won't affect my journey. (1/2),1,2025-09-10 12:51:10,synthetic,46120,6231,26037,78,13,0,0,0
Akshay Kumar,celebrities,Nepotism debate again? Let's talk about talent and hard work instead. 🇮🇳,1,2025-09-10 12:51:10,synthetic,12332,4483,18437,72,12,0,0,0
Akshay Kumar,celebrities,BREAKING: Media creating stories out of nothing. Focus on real issues please.,0,2025-09-10 12:51:10,synthetic,77411,4830,44451,77,12,0,0,0
Akshay Kumar,celebrities,Airport looks. Heading to the next shoot location. - via official handle,2,2025-09-10 12:51:10,synthetic,63385,6764,15173,72,12,0,0,0
Akshay Kumar,celebrities,📢 Rehearsals going well. Performance next week.,2,2025-09-10 12:51:10,synthetic,65702,7679,48143,47,7,0,0,0
Akshay Kumar,celebrities,People judge without knowing the full story. Truth always prevails. 🇮🇳,1,2025-09-10 12:51:10,synthetic,79240,2342,17421,70,11,0,0,0
Akshay Kumar,celebrities,Trolls need to get a life. Spreading negativity won't affect my journey. (1/2),1,2025-09-10 12:51:10,synthetic,52407,2561,1273,78,13,0,0,0
Akshay Kumar,celebrities,Family time is the best time. Cherish every moment with loved ones.,2,2025-09-10 12:51:10,synthetic,58475,7893,38882,67,12,0,0,0
Akshay Kumar,celebrities,Thank you for making our film a blockbuster! Your love means everything. - via official handle,2,2025-09-10 12:51:10,synthetic,27608,3415,10166,94,16,0,0,0
Akshay Kumar,celebrities,MEDIA CREATING STORIES OUT OF NOTHING. FOCUS ON REAL ISSUES PLEASE.,0,2025-09-10 12:51:10,synthetic,53882,3465,45561,67,11,0,0,0
Akshay Kumar,celebrities,Meeting with the production team today. (1/2),2,2025-09-10 12:51:10,synthetic,54446,9757,11812,45,7,0,0,0
Akshay Kumar,celebrities,On set for the new project. Long day ahead. - via official handle,2,2025-09-10 12:51:10,synthetic,81603,9336,6375,65,13,0,0,0
Akshay Kumar,celebrities,People judge without knowing the full story. Truth always prevails. (1/2),0,2025-09-10 12:51:10,synthetic,82120,8448,31438,73,11,0,0,0
Akshay Kumar,celebrities,BREAKING: Thank you for making our film a blockbuster! Your love means everything.,2,2025-09-10 12:51:10,synthetic,54808,7997,16941,82,13,0,0,0
Aamir Khan,celebrities,Blessed to work with such talented people. Every day is a learning experience. #India,2,2025-09-10 12:51:10,synthetic,55686,7572,42964,85,14,1,0,0
Aamir Khan,celebrities,Grateful for all the love and support from fans! You make it all worthwhile ❤️ 🇮🇳,2,2025-09-10 12:51:10,synthetic,32790,7702,1059,81,16,0,0,0
Aamir Khan,celebrities,"Fitness is not about being better than someone else, it's about being better than you used to be.",2,2025-09-10 12:51:10,synthetic,40312,2494,18483,97,18,0,0,0
Aamir Khan,celebrities,"Music, sports, cinema - art unites us all. Proud to be part of this industry.",2,2025-09-10 12:51:10,synthetic,81051,5633,22847,77,15,0,0,0
Aamir Khan,celebrities,"Music, sports, cinema - art unites us all. Proud to be part of this industry.",2,2025-09-10 12:51:10,synthetic,8535,6325,28430,77,15,0,0,0
Aamir Khan,celebrities,People judge without knowing the full story. Truth always prevails. 🇮🇳,0,2025-09-10 12:51:10,synthetic,78537,8723,45283,70,11,0,0,0
Aamir Khan,celebrities,"Dream big, work hard, stay humble. Success follows dedication. @AamirKhan",2,2025-09-10 12:51:10,synthetic,63674,3931,16240,73,10,0,1,0
Aamir Khan,celebrities,On set for the new project. Long day ahead. - via official handle,2,2025-09-10 12:51:10,synthetic,99335,8073,29307,65,13,0,0,0
Aamir Khan,celebrities,"RT @supporter: Music, sports, cinema - art unites us all. Proud to be part of this industry.",2,2025-09-10 12:51:10,synthetic,33116,4433,31977,92,17,0,1,0
Aamir Khan,celebrities,📢 Blessed to work with such talented people. Every day is a learning experience.,2,2025-09-10 12:51:10,synthetic,45205,1294,37594,80,14,0,0,0
Aamir Khan,celebrities,People judge without knowing the full story. Truth always prevails. @AamirKhan,1,2025-09-10 12:51:10,synthetic,64033,3558,45291,78,11,0,1,0
Aamir Khan,celebrities,Family time is the best time. Cherish every moment with loved ones. (1/2),2,2025-09-10 12:51:10,synthetic,88906,7357,22005,73,13,0,0,0
Aamir Khan,celebrities,📢 Nepotism debate again? Let's talk about talent and hard work instead.,1,2025-09-10 12:51:10,synthetic,78375,9837,5927,71,12,0,0,0
Aamir Khan,celebrities,BREAKING: Thank you for making our film a blockbuster! Your love means everything.,2,2025-09-10 12:51:10,synthetic,98931,5555,16979,82,13,0,0,0
Aamir Khan,celebrities,"Music, sports, cinema - art unites us all. Proud to be part of this industry. #India",2,2025-09-10 12:51:10,synthetic,53932,1648,46743,84,16,1,0,0
Aamir Khan,celebrities,📢 Trolls need to get a life. Spreading negativity won't affect my journey.,1,2025-09-10 12:51:10,synthetic,65879,2025,44420,74,13,0,0,0
Aamir Khan,celebrities,"Dream big, work hard, stay humble. Success follows dedication. @AamirKhan",2,2025-09-10 12:51:10,synthetic,77681,4604,27599,73,10,0,1,0
Aamir Khan,celebrities,BREAKING: Trolls need to get a life. Spreading negativity won't affect my journey.,0,2025-09-10 12:51:10,synthetic,78237,344,31005,82,13,0,0,0
Aamir Khan,celebrities,Trolls need to get a life. Spreading negativity won't affect my journey. - via official handle,1,2025-09-10 12:51:10,synthetic,49542,8411,47984,94,16,0,0,0
Aamir Khan,celebrities,"RT @supporter: Dream big, work hard, stay humble. Success follows dedication.",2,2025-09-10 12:51:10,synthetic,5262,619,29833,77,11,0,1,0
Aamir Khan,celebrities,Blessed to work with such talented people. Every day is a learning experience. 🇮🇳,2,2025-09-10 12:51:10,synthetic,15277,530,39352,81,14,0,0,0
Aamir Khan,celebrities,Trolls need to get a life. Spreading negativity won't affect my journey. - via official handle,1,2025-09-10 12:51:10,synthetic,33668,7496,16034,94,16,0,0,0
Aamir Khan,celebrities,BREAKING: Airport looks. Heading to the next shoot location.,2,2025-09-10 12:51:10,synthetic,85784,4621,20262,60,9,0,0,0
Aamir Khan,celebrities,Media creating stories out of nothing. Focus on real issues please. - via official handle,1,2025-09-10 12:51:10,synthetic,30297,7653,24647,89,15,0,0,0
Aamir Khan,celebrities,Nepotism debate again? Let's talk about talent and hard work instead. 🇮🇳,1,2025-09-10 12:51:10,synthetic,55241,1946,28371,72,12,0,0,0
Aamir Khan,celebrities,Rehearsals going well. Performance next week. #India,2,2025-09-10 12:51:10,synthetic,84070,6078,41875,52,7,1,0,0
Narendra Modi,political_leaders,Critics fail to see the transformation happening. History will judge who stood with progress. #India,1,2025-09-10 12:51:07,augmented,68101,7668,47145,100,15,1,0,0
Narendra Modi,political_leaders,Parliament session begins tomorrow. Important bills to be discussed. - via official handle,2,2025-09-10 12:51:07,augmented,16097,9176,7578,90,13,0,0,0
Narendra Modi,political_leaders,RT @supporter: Opposition parties spreading misinformation again. Facts speak louder than propaganda.,1,2025-09-10 12:51:07,augmented,18553,2505,21657,101,12,0,1,0
Narendra Modi,political_leaders,RT @supporter: Youth empowerment is key to national progress. Launching new skill development programs.,2,2025-09-10 12:51:07,augmented,38020,5319,45248,103,14,0,1,0
Narendra Modi,political_leaders,BREAKING: Meeting with citizens today was inspiring. Your voices matter in our democracy. #PublicService,2,2025-09-10 12:51:07,augmented,50773,6410,26115,94,13,1,0,0
Narendra Modi,political_leaders,Technology and innovation will drive our future. Supporting startups and entrepreneurs. #Innovation @NarendraModi,2,2025-09-10 12:51:07,augmented,51314,7117,1510,113,13,1,1,0
Narendra Modi,political_leaders,WORKING TOGETHER FOR SUSTAINABLE DEVELOPMENT AND ENVIRONMENTAL PROTECTION. #GREENFUTURE 🇮🇳,2,2025-09-10 12:51:07,augmented,97772,5683,40518,90,10,1,0,0
Narendra Modi,political_leaders,BREAKING: Corrupt politicians trying to mislead the public. Their days are numbered.,0,2025-09-10 12:51:07,augmented,85074,3099,13410,84,12,0,0,0
Rahul Gandhi,political_leaders,BREAKING: Unity in diversity is our strength. Celebrating our rich cultural heritage. #India #Trending,2,2025-09-10 12:51:07,augmented,79804,8876,32421,92,13,1,0,0
Rahul Gandhi,political_leaders,ANTI-NATIONAL ELEMENTS TRYING TO DESTABILIZE OUR GROWTH. WE STAND UNITED AGAINST THEM. #INDIA,1,2025-09-10 12:51:07,augmented,72553,4291,8838,93,13,1,0,0
Rahul Gandhi,political_leaders,Proud to announce new initiatives for digital India. Together we build a stronger nation! #Progress - via official handle,2,2025-09-10 12:51:07,augmented,82933,9134,6646,121,19,1,0,0
Rahul Gandhi,political_leaders,Corrupt politicians trying to mislead the public. Their days are numbered. 🇮🇳,0,2025-09-10 12:51:07,augmented,97420,4793,45940,77,12,0,0,0
Rahul Gandhi,political_leaders,Education and healthcare remain our top priorities. Every citizen deserves the best. #Development (1/2),2,2025-09-10 12:51:07,augmented,64540,9171,35597,103,14,1,0,0
Rahul Gandhi,political_leaders,anti-national elements trying to destabilize our growth. we stand united against them. (1/2),1,2025-09-10 12:51:07,augmented,72172,6219,38807,92,13,0,0,0
Amit Shah,political_leaders,BREAKING: Anti-national elements trying to destabilize our growth. We stand united against them. 🔥,1,2025-09-10 12:51:08,augmented,81774,2553,42719,96,13,0,0,0
Amit Shah,political_leaders,Working together for sustainable development and environmental protection. #GreenFuture #India,2,2025-09-10 12:51:08,augmented,88282,6923,30268,94,10,2,0,0
Amit Shah,political_leaders,ANTI-NATIONAL ELEMENTS TRYING TO DESTABILIZE OUR GROWTH. WE STAND UNITED AGAINST THEM.,1,2025-09-10 12:51:08,augmented,18311,7917,15902,86,12,0,0,0
Amit Shah,political_leaders,Critics fail to see the transformation happening. History will judge who stood with progress. - via official handle 🔥,0,2025-09-10 12:51:08,augmented,59716,432,27102,115,18,0,0,0
Amit Shah,political_leaders,ANTI-NATIONAL ELEMENTS TRYING TO DESTABILIZE OUR GROWTH. WE STAND UNITED AGAINST THEM. 🔥,1,2025-09-10 12:51:08,augmented,61064,8699,46699,86,12,0,0,0
Amit Shah,political_leaders,Corrupt politicians trying to mislead the public. Their days are numbered. (1/2),0,2025-09-10 12:51:08,augmented,83430,77,32334,80,12,0,0,0
Amit Shah,political_leaders,RT @supporter: Anti-national elements trying to destabilize our growth. We stand united against them.,0,2025-09-10 12:51:08,augmented,99352,9126,40950,101,14,0,1,0
Amit Shah,political_leaders,our farmers are the backbone of the nation. new policies to support agricultural growth. #india,2,2025-09-10 12:51:08,augmented,17864,5824,46057,95,15,1,0,0
Arvind Kejriwal,political_leaders,Proud to announce new initiatives for digital India. Together we build a stronger nation! #Progress - via official handle 🔥,2,2025-09-10 12:51:08,augmented,31207,8686,27420,121,19,1,0,0
Arvind Kejriwal,political_leaders,RT @user: Anti-national elements trying to destabilize our growth. We stand united against them. 🇮🇳,0,2025-09-10 12:51:08,augmented,94522,7785,36701,89,13,0,0,0
Arvind Kejriwal,political_leaders,Parliament session begins tomorrow. Important bills to be discussed.,2,2025-09-10 12:51:08,augmented,48220,9526,38710,68,9,0,0,0
Arvind Kejriwal,political_leaders,Meeting with citizens today was inspiring. Your voices matter in our democracy. #PublicService - via official handle,2,2025-09-10 12:51:08,augmented,64504,8291,30543,116,17,1,0,0
Arvind Kejriwal,political_leaders,BREAKING: Parliament session begins tomorrow.. Important bills to be discussed..,2,2025-09-10 12:51:08,augmented,91385,86,18526,78,10,0,0,0
Arvind Kejriwal,political_leaders,RT @supporter: Proud to announce new initiatives for digital India. Together we build a stronger nation!!! #Progress,2,2025-09-10 12:51:08,augmented,81597,6346,21946,114,17,1,1,0
Arvind Kejriwal,political_leaders,Meeting with citizens today was inspiring. Your voices matter in our democracy. #PublicService 🇮🇳,2,2025-09-10 12:51:08,augmented,81086,1586,47932,97,14,1,0,0
Arvind Kejriwal,political_leaders,"THOSE WHO QUESTION OUR POLICIES HAVE NEVER SERVED THE PEOPLE.. ACTIONS MATTER, NOT WORDS..",1,2025-09-10 12:51:08,augmented,68227,7945,44795,88,14,0,0,0
Arvind Kejriwal,political_leaders,BREAKING: Opposition parties spreading misinformation again. Facts speak louder than propaganda.,0,2025-09-10 12:51:08,augmented,26900,2652,5452,86,10,0,0,0
Arvind Kejriwal,political_leaders,📢 CONGRATULATIONS TO OUR ATHLETES FOR MAKING THE NATION PROUD! YOUR DEDICATION INSPIRES MILLIONS.,2,2025-09-10 12:51:08,augmented,22834,879,19537,97,14,0,0,0
Mamata Banerjee,political_leaders,Parliament session begins tomorrow. Important bills to be discussed. (1/2),2,2025-09-10 12:51:08,augmented,93069,2505,14393,74,10,0,0,0
Mamata Banerjee,political_leaders,Infrastructure development continues at record pace.. Connecting every corner of the nation.. #India,2,2025-09-10 12:51:08,augmented,99059,9629,6198,98,13,1,0,0
Mamata Banerjee,political_leaders,RT @supporter: International delegation visit concluded successfully. 🔥,2,2025-09-10 12:51:08,augmented,51449,5549,1225,69,7,0,1,0
Mamata Banerjee,political_leaders,BREAKING: Critics fail to see the transformation happening. History will judge who stood with progress.,1,2025-09-10 12:51:08,augmented,1071,703,7184,93,14,0,0,0
Mamata Banerjee,political_leaders,📢 CORRUPT POLITICIANS TRYING TO MISLEAD THE PUBLIC. THEIR DAYS ARE NUMBERED.,0,2025-09-10 12:51:08,augmented,68623,6927,16351,76,12,0,0,0
Mamata Banerjee,political_leaders,Anti-national elements trying to destabilize our growth.. We stand united against them.. @MamataBanerjee,1,2025-09-10 12:51:08,augmented,46554,7807,11298,102,13,0,1,0
Donald Trump,political_leaders,Corrupt politicians trying to mislead the public. Their days are numbered.,1,2025-09-10 12:51:08,augmented,18723,6965,3870,74,11,0,0,0
Donald Trump,political_leaders,Critics fail to see the transformation happening. History will judge who stood with progress. @DonaldTrump,1,2025-09-10 12:51:08,augmented,99293,2739,48965,106,15,0,1,0
Donald Trump,political_leaders,Congratulations to our athletes for making the nation proud! Your dedication inspires millions. #India,2,2025-09-10 12:51:08,augmented,2216,5722,40939,102,14,1,0,0
Donald Trump,political_leaders,BREAKING: Education and healthcare remain our top priorities. Every citizen deserves the best. #Development (1/2),2,2025-09-10 12:51:08,augmented,95071,5353,35127,103,14,1,0,0
Donald Trump,political_leaders,BREAKING: Reviewing quarterly progress reports from various ministries.,2,2025-09-10 12:51:08,augmented,82964,8775,40761,61,7,0,0,0
Donald Trump,political_leaders,Attended the G20 summit today. Discussed global economic cooperation. @DonaldTrump,2,2025-09-10 12:51:08,augmented,78165,7002,21472,82,10,0,1,0
Donald Trump,political_leaders,Parliament session begins tomorrow. Important bills to be discussed. 🇮🇳,2,2025-09-10 12:51:08,augmented,96766,6214,462,71,10,0,0,0
Joe Biden,political_leaders,"Those who question our policies have never served the people. Actions matter, not words.",0,2025-09-10 12:51:08,augmented,65935,2655,44223,88,14,0,0,0
Joe Biden,political_leaders,Critics fail to see the transformation happening. History will judge who stood with progress.,1,2025-09-10 12:51:08,augmented,15867,2737,25567,93,14,0,0,0
Joe Biden,political_leaders,Proud to announce new initiatives for digital India. Together we build a stronger nation! #Progress (1/2) #Trending,2,2025-09-10 12:51:08,augmented,32085,3996,1069,105,16,1,0,0
Joe Biden,political_leaders,RT @user: BREAKING: Anti-national elements trying to destabilize our growth. We stand united against them.,0,2025-09-10 12:51:08,augmented,81110,6800,27561,96,13,0,0,0
Joe Biden,political_leaders,MEETING WITH CITIZENS TODAY WAS INSPIRING. YOUR VOICES MATTER IN OUR DEMOCRACY. #PUBLICSERVICE - VIA OFFICIAL HANDLE,2,2025-09-10 12:51:08,augmented,99550,6369,15079,116,17,1,0,0
Joe Biden,political_leaders,proud to announce new initiatives for digital india. together we build a stronger nation! #progress,2,2025-09-10 12:51:08,augmented,15638,3006,16016,99,15,1,0,0
Joe Biden,political_leaders,RT @user: BREAKING: Opposition parties spreading misinformation again. Facts speak louder than propaganda.,1,2025-09-10 12:51:08,augmented,81236,9506,34665,96,11,0,0,0
Joe Biden,political_leaders,RT @user: RT @supporter: International delegation visit concluded successfully.,2,2025-09-10 12:51:08,augmented,74938,456,29676,69,7,0,1,0
Joe Biden,political_leaders,Education and healthcare remain our top priorities. Every citizen deserves the best. #Development @JoeBiden,2,2025-09-10 12:51:08,augmented,7809,365,3819,107,14,1,1,0
Joe Biden,political_leaders,proud to announce new initiatives for digital india. together we build a stronger nation! #progress @joebiden,2,2025-09-10 12:51:08,augmented,57806,9840,13975,109,16,1,1,0
Barack Obama,political_leaders,congratulations to our athletes for making the nation proud! your dedication inspires millions. @barackobama,2,2025-09-10 12:51:08,augmented,91920,811,22913,108,14,0,1,0
Barack Obama,political_leaders,Proud to announce new initiatives for digital India. Together we build a stronger nation! #Progress @BarackObama,2,2025-09-10 12:51:08,augmented,86020,6345,5705,112,16,1,1,0
Barack Obama,political_leaders,RT @supporter: Congratulations to our athletes for making the nation proud! Your dedication inspires millions.,2,2025-09-10 12:51:08,augmented,19354,5192,41472,110,15,0,1,0
Barack Obama,political_leaders,📢 Infrastructure development continues at record pace.. Connecting every corner of the nation..,2,2025-09-10 12:51:08,augmented,97527,8624,4364,93,13,0,0,0
Barack Obama,political_leaders,Technology and innovation will drive our future. Supporting startups and entrepreneurs. #Innovation 🇮🇳 #Trending,2,2025-09-10 12:51:08,augmented,6392,314,15278,102,13,1,0,0
Barack Obama,political_leaders,OUR FARMERS ARE THE BACKBONE OF THE NATION. NEW POLICIES TO SUPPORT AGRICULTURAL GROWTH. #INDIA,2,2025-09-10 12:51:08,augmented,95779,3568,49409,95,15,1,0,0
Barack Obama,political_leaders,Anti-national elements trying to destabilize our growth. We stand united against them. 🇮🇳,0,2025-09-10 12:51:08,augmented,67881,2116,18651,89,13,0,0,0
Boris Johnson,political_leaders,Working together for sustainable development and environmental protection. #GreenFuture #Trending,2,2025-09-10 12:51:08,augmented,26570,9422,20856,87,9,1,0,0
Boris Johnson,political_leaders,OUR FARMERS ARE THE BACKBONE OF THE NATION. NEW POLICIES TO SUPPORT AGRICULTURAL GROWTH.,2,2025-09-10 12:51:08,augmented,23818,2215,9930,88,14,0,0,0
Boris Johnson,political_leaders,BREAKING: Congratulations to our athletes for making the nation proud! Your dedication inspires millions.,2,2025-09-10 12:51:08,augmented,8075,712,25918,95,13,0,0,0
Boris Johnson,political_leaders,RT @user: INFRASTRUCTURE DEVELOPMENT CONTINUES AT RECORD PACE. CONNECTING EVERY CORNER OF THE NATION.,2,2025-09-10 12:51:08,augmented,54945,2412,9302,91,12,0,0,0
Boris Johnson,political_leaders,RT @user: Youth empowerment is key to national progress. Launching new skill development programs. 🇮🇳,2,2025-09-10 12:51:08,augmented,12522,1343,25094,91,13,0,0,0
Boris Johnson,political_leaders,RT @user: Parliament session begins tomorrow. Important bills to be discussed. (1/2),2,2025-09-10 12:51:08,augmented,9983,9137,36576,74,10,0,0,0
Boris Johnson,political_leaders,Working together for sustainable development and environmental protection. #GreenFuture (1/2),2,2025-09-10 12:51:08,augmented,87065,6322,34059,93,10,1,0,0
Boris Johnson,political_leaders,BREAKING: Parliament session begins tomorrow. Important bills to be discussed. @BorisJohnson,2,2025-09-10 12:51:08,augmented,46445,2620,144,82,10,0,1,0
Boris Johnson,political_leaders,Congratulations to our athletes for making the nation proud! Your dedication inspires millions. #India,2,2025-09-10 12:51:08,augmented,98481,204,12112,102,14,1,0,0
Emmanuel Macron,political_leaders,Unity in diversity is our strength. Celebrating our rich cultural heritage. #India 🇮🇳,2,2025-09-10 12:51:08,augmented,81904,6317,42294,85,13,1,0,0
Emmanuel Macron,political_leaders,RT @supporter: Our farmers are the backbone of the nation. New policies to support agricultural growth.,2,2025-09-10 12:51:08,augmented,41330,3145,19909,103,16,0,1,0
Emmanuel Macron,political_leaders,Corrupt politicians trying to mislead the public.. Their days are numbered.. (1/2),1,2025-09-10 12:51:08,augmented,67796,181,5689,80,12,0,0,0
Emmanuel Macron,political_leaders,OUR FARMERS ARE THE BACKBONE OF THE NATION. NEW POLICIES TO SUPPORT AGRICULTURAL GROWTH.,2,2025-09-10 12:51:08,augmented,4876,6010,21588,88,14,0,0,0
Emmanuel Macron,political_leaders,Our farmers are the backbone of the nation. New policies to support agricultural growth. 🇮🇳 #Trending,2,2025-09-10 12:51:08,augmented,88404,8920,29424,91,15,0,0,0
Emmanuel Macron,political_leaders,BREAKING: Infrastructure development continues at record pace. Connecting every corner of the nation.,2,2025-09-10 12:51:08,augmented,22031,4917,3124,101,13,0,0,0
Emmanuel Macron,political_leaders,Technology and innovation will drive our future. Supporting startups and entrepreneurs. #Innovation,2,2025-09-10 12:51:08,augmented,73768,5553,29858,99,12,1,0,0
Emmanuel Macron,political_leaders,Critics fail to see the transformation happening.. History will judge who stood with progress..,1,2025-09-10 12:51:08,augmented,20399,5606,37999,93,14,0,0,0
Emmanuel Macron,political_leaders,📢 Corrupt politicians trying to mislead the public. Their days are numbered.,1,2025-09-10 12:51:08,augmented,53164,7253,28732,76,12,0,0,0
Emmanuel Macron,political_leaders,RT @supporter: Parliament session begins tomorrow. Important bills to be discussed.,2,2025-09-10 12:51:08,augmented,11392,7577,16952,83,11,0,1,0
Emmanuel Macron,political_leaders,Technology and innovation will drive our future. Supporting startups and entrepreneurs. #Innovation - via official handle 🔥,2,2025-09-10 12:51:08,augmented,36197,6338,11646,121,16,1,0,0
Elon Musk,business_leaders,Competitors copying our innovations again. Imitation is the sincerest form of flattery. - via official handle #Trending,1,2025-09-10 12:51:08,augmented,66387,1488,38593,109,16,0,0,0
Elon Musk,business_leaders,PROUD OF OUR TEAM FOR ACHIEVING RECORD QUARTERLY RESULTS. TEAMWORK MAKES THE DREAM WORK!,2,2025-09-10 12:51:08,augmented,92816,1335,14163,88,14,0,0,0
Elon Musk,business_leaders,RT @supporter: New office opening in Mumbai next month. #Trending,2,2025-09-10 12:51:08,augmented,84211,6987,40955,55,9,0,1,0
Elon Musk,business_leaders,Traditional industries resisting change. Disruption is inevitable. 🇮🇳 #Trending,0,2025-09-10 12:51:08,augmented,34675,6495,21925,69,8,0,0,0
Elon Musk,business_leaders,Innovation happens when diverse minds collaborate. Proud of our inclusive culture. - via official handle 🔥,2,2025-09-10 12:51:08,augmented,51809,3782,20964,104,15,0,0,0
Elon Musk,business_leaders,proud of our team for achieving record quarterly results. teamwork makes the dream work! 🇮🇳,2,2025-09-10 12:51:08,augmented,68075,6786,25149,91,15,0,0,0
Elon Musk,business_leaders,TRADITIONAL INDUSTRIES RESISTING CHANGE. DISRUPTION IS INEVITABLE. 🔥,1,2025-09-10 12:51:08,augmented,14887,5499,27277,66,7,0,0,0
Elon Musk,business_leaders,Customer satisfaction is our top priority. Thank you for your trust!!!,2,2025-09-10 12:51:08,augmented,84738,2155,28498,68,11,0,0,0
Bill Gates,business_leaders,Launching new initiative to support small businesses. Together we grow. - via official handle,2,2025-09-10 12:51:08,augmented,13011,2115,11930,93,14,0,0,0
Bill Gates,business_leaders,Regulators need to understand technology before making rules. @BillGates 🔥,0,2025-09-10 12:51:08,augmented,70018,1155,21438,72,9,0,1,0
Bill Gates,business_leaders,LAUNCHING NEW INITIATIVE TO SUPPORT SMALL BUSINESSES. TOGETHER WE GROW. #INDIA,2,2025-09-10 12:51:08,augmented,1624,1589,23666,78,11,1,0,0
Bill Gates,business_leaders,New office opening in Mumbai next month. (1/2),2,2025-09-10 12:51:08,augmented,99521,1733,20764,46,8,0,0,0
Bill Gates,business_leaders,breaking: ai will transform how we live and work. embracing the future responsibly.,2,2025-09-10 12:51:08,augmented,61729,1001,8015,83,13,0,0,0
Bill Gates,business_leaders,RT @supporter: Excited to announce our new product launch! Innovation never stops. #Tech,2,2025-09-10 12:51:08,augmented,51913,9547,14301,88,13,1,1,0
Bill Gates,business_leaders,BREAKING: Regulatory compliance review completed successfully.,2,2025-09-10 12:51:08,augmented,57315,537,16461,62,6,0,0,0
Sundar Pichai,business_leaders,New office opening in Mumbai next month. 🇮🇳,2,2025-09-10 12:51:09,augmented,44125,2933,4495,43,8,0,0,0
Sundar Pichai,business_leaders,New office opening in Mumbai next month. - via official handle #Trending,2,2025-09-10 12:51:09,augmented,54026,2933,43437,62,11,0,0,0
Sundar Pichai,business_leaders,Innovation happens when diverse minds collaborate. Proud of our inclusive culture. - via official handle,2,2025-09-10 12:51:09,augmented,64698,8980,13143,104,15,0,0,0
Sundar Pichai,business_leaders,Board meeting concluded. Strategic decisions for next fiscal year finalized. - via official handle,2,2025-09-10 12:51:09,augmented,85420,2296,2508,98,14,0,0,0
Sundar Pichai,business_leaders,"Sustainability is not just a goal, it's our responsibility. Going carbon neutral by 2030. @SundarPichai",2,2025-09-10 12:51:09,augmented,12568,2949,27051,103,15,0,1,0
Sundar Pichai,business_leaders,BREAKING: Launching new initiative to support small businesses. Together we grow.,2,2025-09-10 12:51:09,augmented,63161,863,42224,81,11,0,0,0
Satya Nadella,business_leaders,BREAKING: 📢 Media misrepresenting our statements. Here are the actual facts.,0,2025-09-10 12:51:09,augmented,34462,5672,3181,66,10,0,0,0
Satya Nadella,business_leaders,Grateful for the opportunity to serve millions of users worldwide. #Trending,2,2025-09-10 12:51:09,augmented,50755,7241,31883,66,10,0,0,0
Satya Nadella,business_leaders,BREAKING: Traditional industries resisting change. Disruption is inevitable.,0,2025-09-10 12:51:09,augmented,59720,2672,7417,66,7,0,0,0
Satya Nadella,business_leaders,Q3 earnings call scheduled for next week. Looking forward to sharing updates. (1/2),2,2025-09-10 12:51:09,augmented,67833,5187,11733,83,13,0,0,0
Satya Nadella,business_leaders,SHORT SELLERS SPREADING FUD. OUR FUNDAMENTALS REMAIN STRONG. @SATYANADELLA,1,2025-09-10 12:51:09,augmented,61582,9212,23364,74,9,0,1,0
Satya Nadella,business_leaders,Competitors copying our innovations again. Imitation is the sincerest form of flattery. #India #Trending,1,2025-09-10 12:51:09,augmented,2061,4632,26070,94,13,1,0,0
Satya Nadella,business_leaders,RT @user: Media misrepresenting our statements. Here are the actual facts. (1/2),0,2025-09-10 12:51:09,augmented,78597,4579,14968,70,10,0,0,0
Satya Nadella,business_leaders,Short sellers spreading FUD. Our fundamentals remain strong. #Trending,0,2025-09-10 12:51:09,augmented,82028,7762,22637,60,8,0,0,0
Satya Nadella,business_leaders,RT @supporter: Media misrepresenting our statements. Here are the actual facts.,1,2025-09-10 12:51:09,augmented,93957,1763,36348,79,11,0,1,0
Tim Cook,business_leaders,Regulators need to understand technology before making rules.. - via official handle,1,2025-09-10 12:51:09,augmented,48580,6289,38051,83,12,0,0,0
Tim Cook,business_leaders,RT @supporter: Media misrepresenting our statements. Here are the actual facts. #Trending,1,2025-09-10 12:51:09,augmented,42000,2246,28620,79,11,0,1,0
Tim Cook,business_leaders,Regulators need to understand technology before making rules. - via official handle,1,2025-09-10 12:51:09,augmented,37673,6051,40633,83,12,0,0,0
Tim Cook,business_leaders,Proud of our team for achieving record quarterly results. Teamwork makes the dream work! - via official handle #Trending,2,2025-09-10 12:51:09,augmented,37221,3521,34931,110,18,0,0,0
Tim Cook,business_leaders,REGULATORY COMPLIANCE REVIEW COMPLETED SUCCESSFULLY.,2,2025-09-10 12:51:09,augmented,10346,8672,1074,52,5,0,0,0
Tim Cook,business_leaders,RT @user: Customer satisfaction is our top priority. Thank you for your trust! 🇮🇳,2,2025-09-10 12:51:09,augmented,14110,1076,40557,71,12,0,0,0
Tim Cook,business_leaders,RT @user: Media misrepresenting our statements. Here are the actual facts. #India,1,2025-09-10 12:51:09,augmented,18457,7329,33023,71,10,1,0,0
Tim Cook,business_leaders,MEDIA MISREPRESENTING OUR STATEMENTS. HERE ARE THE ACTUAL FACTS.,1,2025-09-10 12:51:09,augmented,53365,5241,44631,64,9,0,0,0
Tim Cook,business_leaders,📢 TRADITIONAL INDUSTRIES RESISTING CHANGE. DISRUPTION IS INEVITABLE.,0,2025-09-10 12:51:09,augmented,59337,7952,35289,68,8,0,0,0
Tim Cook,business_leaders,rt @supporter: customer satisfaction is our top priority. thank you for your trust!,2,2025-09-10 12:51:09,augmented,74283,1093,7261,83,13,0,1,0
Tim Cook,business_leaders,RT @supporter: Proud of our team for achieving record quarterly results. Teamwork makes the dream work!,2,2025-09-10 12:51:09,augmented,484,5428,48394,103,16,0,1,0
Tim Cook,business_leaders,MEDIA MISREPRESENTING OUR STATEMENTS.. HERE ARE THE ACTUAL FACTS..,1,2025-09-10 12:51:09,augmented,7290,6818,10363,64,9,0,0,0
Mark Zuckerberg,business_leaders,"Sustainability is not just a goal, it's our responsibility. Going carbon neutral by 2030. @MarkZuckerberg",2,2025-09-10 12:51:09,augmented,92326,5817,9243,105,15,0,1,0
Mark Zuckerberg,business_leaders,RT @supporter: Breaking barriers with breakthrough technology. The best is yet to come!,2,2025-09-10 12:51:09,augmented,5099,6082,10450,87,13,0,1,0
Mark Zuckerberg,business_leaders,Regulators need to understand technology before making rules. @MarkZuckerberg #Trending,1,2025-09-10 12:51:09,augmented,46742,6186,9910,77,9,0,1,0
Mark Zuckerberg,business_leaders,Traditional industries resisting change.. Disruption is inevitable..,1,2025-09-10 12:51:09,augmented,59639,1800,17380,66,7,0,0,0
Mark Zuckerberg,business_leaders,BREAKING: Breaking barriers with breakthrough technology. The best is yet to come! 🔥,2,2025-09-10 12:51:09,augmented,81622,937,11039,82,12,0,0,0
Mark Zuckerberg,business_leaders,Competitors copying our innovations again. Imitation is the sincerest form of flattery. #India,1,2025-09-10 12:51:09,augmented,2663,7482,8336,94,13,1,0,0
Mark Zuckerberg,business_leaders,Q3 earnings call scheduled for next week. Looking forward to sharing updates. 🇮🇳,2,2025-09-10 12:51:09,augmented,77746,6949,22279,80,13,0,0,0
Mark Zuckerberg,business_leaders,REGULATORY COMPLIANCE REVIEW COMPLETED SUCCESSFULLY. #INDIA,2,2025-09-10 12:51:09,augmented,95934,2237,2031,59,6,1,0,0
Mark Zuckerberg,business_leaders,📢 AI will transform how we live and work.. Embracing the future responsibly..,2,2025-09-10 12:51:09,augmented,20860,8570,21927,75,13,0,0,0
Mark Zuckerberg,business_leaders,BREAKING: SHORT SELLERS SPREADING FUD. OUR FUNDAMENTALS REMAIN STRONG.,0,2025-09-10 12:51:09,augmented,85611,1237,45639,70,9,0,0,0
Mark Zuckerberg,business_leaders,RT @user: 📢 Short sellers spreading FUD. Our fundamentals remain strong.,1,2025-09-10 12:51:09,augmented,24524,3104,38421,62,9,0,0,0
Mark Zuckerberg,business_leaders,Short sellers spreading FUD. Our fundamentals remain strong. - via official handle,0,2025-09-10 12:51:09,augmented,74977,2889,37978,82,12,0,0,0
Jeff Bezos,business_leaders,Regulators need to understand technology before making rules. - via official handle,1,2025-09-10 12:51:09,augmented,77268,4697,43598,83,12,0,0,0
Jeff Bezos,business_leaders,RT @supporter: Investing in education and skill development.. The future belongs to learners..,2,2025-09-10 12:51:09,augmented,95385,7046,32191,92,13,0,1,0
Jeff Bezos,business_leaders,SHORT SELLERS SPREADING FUD.. OUR FUNDAMENTALS REMAIN STRONG..,0,2025-09-10 12:51:09,augmented,20727,1827,13184,60,8,0,0,0
Jeff Bezos,business_leaders,RT @user: RT @supporter: Short sellers spreading FUD. Our fundamentals remain strong.,0,2025-09-10 12:51:09,augmented,63394,1149,11042,75,10,0,1,0
Jeff Bezos,business_leaders,Board meeting concluded. Strategic decisions for next fiscal year finalized. - via official handle,2,2025-09-10 12:51:09,augmented,76273,3234,30693,98,14,0,0,0
Jeff Bezos,business_leaders,ATTENDING WORLD ECONOMIC FORUM. IMPORTANT DISCUSSIONS ON GLOBAL TRADE.,2,2025-09-10 12:51:09,augmented,76251,8542,29648,70,9,0,0,0
Jeff Bezos,business_leaders,BREAKING: Investing in education and skill development.. The future belongs to learners..,2,2025-09-10 12:51:09,augmented,40366,6283,20512,87,12,0,0,0
Jeff Bezos,business_leaders,RT @supporter: Regulators need to understand technology before making rules.,1,2025-09-10 12:51:09,augmented,9150,7466,31499,76,10,0,1,0
Warren Buffett,business_leaders,"SUSTAINABILITY IS NOT JUST A GOAL, IT'S OUR RESPONSIBILITY. GOING CARBON NEUTRAL BY 2030. 🇮🇳",2,2025-09-10 12:51:09,augmented,87559,3790,12121,92,15,0,0,0
Warren Buffett,business_leaders,RT @supporter: Excited to announce our new product launch! Innovation never stops. #Tech,2,2025-09-10 12:51:09,augmented,84738,1837,26119,88,13,1,1,0
Warren Buffett,business_leaders,RT @supporter: Innovation happens when diverse minds collaborate. Proud of our inclusive culture.,2,2025-09-10 12:51:09,augmented,18957,6246,19682,97,13,0,1,0
Warren Buffett,business_leaders,BREAKING: Regulatory compliance review completed successfully. #Trending,2,2025-09-10 12:51:09,augmented,22433,9812,28548,62,6,0,0,0
Warren Buffett,business_leaders,LAUNCHING NEW INITIATIVE TO SUPPORT SMALL BUSINESSES. TOGETHER WE GROW.,2,2025-09-10 12:51:09,augmented,87797,7085,12327,71,10,0,0,0
Warren Buffett,business_leaders,MEDIA MISREPRESENTING OUR STATEMENTS. HERE ARE THE ACTUAL FACTS.,1,2025-09-10 12:51:09,augmented,60353,5120,23975,64,9,0,0,0
Warren Buffett,business_leaders,RT @user: Media misrepresenting our statements. Here are the actual facts. 🇮🇳,1,2025-09-10 12:51:09,augmented,57696,9896,34643,67,10,0,0,0
Mukesh Ambani,business_leaders,📢 AI WILL TRANSFORM HOW WE LIVE AND WORK. EMBRACING THE FUTURE RESPONSIBLY.,2,2025-09-10 12:51:09,augmented,65825,7494,44638,75,13,0,0,0
Mukesh Ambani,business_leaders,BREAKING BARRIERS WITH BREAKTHROUGH TECHNOLOGY. THE BEST IS YET TO COME! @MUKESHAMBANI,2,2025-09-10 12:51:09,augmented,20817,5892,2176,86,12,0,1,0
Mukesh Ambani,business_leaders,AI WILL TRANSFORM HOW WE LIVE AND WORK. EMBRACING THE FUTURE RESPONSIBLY.,2,2025-09-10 12:51:09,augmented,10396,5733,47074,73,12,0,0,0
Mukesh Ambani,business_leaders,BREAKING: Board meeting concluded. Strategic decisions for next fiscal year finalized.,2,2025-09-10 12:51:09,augmented,61741,7652,1366,86,11,0,0,0
Mukesh Ambani,business_leaders,BREAKING: Investing in education and skill development. The future belongs to learners.,2,2025-09-10 12:51:09,augmented,47943,2397,2062,77,11,0,0,0
Ratan Tata,business_leaders,Traditional industries resisting change. Disruption is inevitable. (1/2),0,2025-09-10 12:51:09,augmented,70046,5154,18027,72,8,0,0,0
Ratan Tata,business_leaders,Traditional industries resisting change. Disruption is inevitable. (1/2),1,2025-09-10 12:51:09,augmented,89576,5926,31691,72,8,0,0,0
Ratan Tata,business_leaders,"sustainability is not just a goal, it's our responsibility. going carbon neutral by 2030. - via official handle",2,2025-09-10 12:51:09,augmented,79451,4531,24364,111,18,0,0,0
Ratan Tata,business_leaders,Regulators need to understand technology before making rules.. 🇮🇳,1,2025-09-10 12:51:09,augmented,29434,2712,33297,64,9,0,0,0
Ratan Tata,business_leaders,RT @SUPPORTER: COMPETITORS COPYING OUR INNOVATIONS AGAIN. IMITATION IS THE SINCEREST FORM OF FLATTERY.,0,2025-09-10 12:51:09,augmented,74358,6555,19050,102,14,0,1,0
Ratan Tata,business_leaders,CUSTOMER SATISFACTION IS OUR TOP PRIORITY. THANK YOU FOR YOUR TRUST!,2,2025-09-10 12:51:09,augmented,633,8800,27991,68,11,0,0,0
Ratan Tata,business_leaders,Competitors copying our innovations again. Imitation is the sincerest form of flattery. #India,1,2025-09-10 12:51:09,augmented,11866,3150,11644,94,13,1,0,0
Ratan Tata,business_leaders,AI will transform how we live and work.. Embracing the future responsibly.. 🇮🇳,2,2025-09-10 12:51:09,augmented,43558,6053,10705,76,13,0,0,0
Ratan Tata,business_leaders,BREAKING: Competitors copying our innovations again. Imitation is the sincerest form of flattery. (1/2),1,2025-09-10 12:51:09,augmented,76601,370,35190,93,13,0,0,0
Ratan Tata,business_leaders,Breaking barriers with breakthrough technology. The best is yet to come! #India,2,2025-09-10 12:51:09,augmented,13062,169,30544,79,12,1,0,0
Ratan Tata,business_leaders,COMPETITORS COPYING OUR INNOVATIONS AGAIN. IMITATION IS THE SINCEREST FORM OF FLATTERY. - VIA OFFICIAL HANDLE,1,2025-09-10 12:51:09,augmented,29129,4199,3809,109,16,0,0,0
Ratan Tata,business_leaders,Traditional industries resisting change. Disruption is inevitable. #India,1,2025-09-10 12:51:09,augmented,41870,4764,4237,73,8,1,0,0
Amitabh Bachchan,celebrities,BREAKING: Critics who haven't achieved anything love to pull others down.,0,2025-09-10 12:51:09,augmented,6431,1788,43406,73,11,0,0,0
Amitabh Bachchan,celebrities,BREAKING: Nepotism debate again? Let's talk about talent and hard work instead.,0,2025-09-10 12:51:09,augmented,33896,2799,49999,69,11,0,0,0
Amitabh Bachchan,celebrities,Airport looks.. Heading to the next shoot location.. @AmitabhBachchan,2,2025-09-10 12:51:09,augmented,23409,644,27047,67,9,0,1,0
Amitabh Bachchan,celebrities,SUPPORTING EDUCATION FOR UNDERPRIVILEGED CHILDREN. EVERY CHILD DESERVES A CHANCE. (1/2),2,2025-09-10 12:51:09,augmented,18196,2376,42435,87,11,0,0,0
Shah Rukh Khan,celebrities,REHEARSALS GOING WELL. PERFORMANCE NEXT WEEK.,2,2025-09-10 12:51:09,augmented,95070,4632,41478,45,6,0,0,0
Shah Rukh Khan,celebrities,New movie releasing soon! Can't wait for you all to see it.. #Cinema 🇮🇳,2,2025-09-10 12:51:09,augmented,6106,8255,35885,70,14,1,0,0
Shah Rukh Khan,celebrities,RT @SUPPORTER: CRITICS WHO HAVEN'T ACHIEVED ANYTHING LOVE TO PULL OTHERS DOWN.,0,2025-09-10 12:51:09,augmented,28222,1052,3097,78,12,0,1,0
Shah Rukh Khan,celebrities,BREAKING: Nepotism debate again? Let's talk about talent and hard work instead.,0,2025-09-10 12:51:09,augmented,9132,481,38665,79,12,0,0,0
Shah Rukh Khan,celebrities,GRATEFUL FOR ALL THE LOVE AND SUPPORT FROM FANS! YOU MAKE IT ALL WORTHWHILE ❤️ #Trending,2,2025-09-10 12:51:09,augmented,64907,8936,48303,78,15,0,0,0
Shah Rukh Khan,celebrities,thank you for making our film a blockbuster! your love means everything. 🇮🇳,2,2025-09-10 12:51:09,augmented,1673,2613,15750,75,13,0,0,0
Shah Rukh Khan,celebrities,Supporting education for underprivileged children. Every child deserves a chance. 🇮🇳 #Trending,2,2025-09-10 12:51:09,augmented,86669,453,49157,84,11,0,0,0
Shah Rukh Khan,celebrities,TROLLS NEED TO GET A LIFE. SPREADING NEGATIVITY WON'T AFFECT MY JOURNEY.,0,2025-09-10 12:51:09,augmented,47634,8089,49806,72,12,0,0,0
Shah Rukh Khan,celebrities,"Fitness is not about being better than someone else, it's about being better than you used to be. - via official handle",2,2025-09-10 12:51:09,augmented,48627,9267,10360,119,22,0,0,0
Shah Rukh Khan,celebrities,Nepotism debate again? Let's talk about talent and hard work instead. - via official handle,1,2025-09-10 12:51:09,augmented,38606,1189,40728,91,15,0,0,0
Virat Kohli,celebrities,BREAKING: New movie releasing soon! Can't wait for you all to see it. #Cinema,2,2025-09-10 12:51:10,augmented,74425,6554,48741,77,14,1,0,0
Virat Kohli,celebrities,BREAKING: Trolls need to get a life. Spreading negativity won't affect my journey.,1,2025-09-10 12:51:10,augmented,17990,1241,45837,82,13,0,0,0
Virat Kohli,celebrities,BREAKING: People judge without knowing the full story. Truth always prevails.,0,2025-09-10 12:51:10,augmented,24653,1563,34812,77,11,0,0,0
Virat Kohli,celebrities,📢 Media creating stories out of nothing. Focus on real issues please. 🔥,0,2025-09-10 12:51:10,augmented,40929,3069,5391,69,12,0,0,0
Virat Kohli,celebrities,FAMILY TIME IS THE BEST TIME. CHERISH EVERY MOMENT WITH LOVED ONES. @VIRATKOHLI,2,2025-09-10 12:51:10,augmented,33728,2118,24512,79,13,0,1,0
Virat Kohli,celebrities,"RT @user: Fitness is not about being better than someone else, it's about being better than you used to be. - via official handle",2,2025-09-10 12:51:10,augmented,35217,46,9620,119,22,0,0,0
Virat Kohli,celebrities,Critics who haven't achieved anything love to pull others down. 🇮🇳 🔥,1,2025-09-10 12:51:10,augmented,49302,1708,32905,66,11,0,0,0
Virat Kohli,celebrities,On set for the new project.. Long day ahead.. 🇮🇳,2,2025-09-10 12:51:10,augmented,41671,9796,44424,46,10,0,0,0
Virat Kohli,celebrities,Meeting with the production team today.,2,2025-09-10 12:51:10,augmented,1870,1530,16433,39,6,0,0,0
Virat Kohli,celebrities,BREAKING: Dubbing session completed for upcoming release. 🇮🇳,2,2025-09-10 12:51:10,augmented,61875,1275,9734,50,7,0,0,0
Virat Kohli,celebrities,SUPPORTING EDUCATION FOR UNDERPRIVILEGED CHILDREN. EVERY CHILD DESERVES A CHANCE.,2,2025-09-10 12:51:10,augmented,60566,5593,13728,81,10,0,0,0
Virat Kohli,celebrities,📢 Trolls need to get a life.. Spreading negativity won't affect my journey..,1,2025-09-10 12:51:10,augmented,77191,2531,40803,74,13,0,0,0
MS Dhoni,celebrities,on set for the new project. long day ahead. - via official handle,2,2025-09-10 12:51:10,augmented,42427,8512,27166,65,13,0,0,0
MS Dhoni,celebrities,Media creating stories out of nothing. Focus on real issues please. - via official handle 🔥,1,2025-09-10 12:51:10,augmented,26501,5262,45390,89,15,0,0,0
MS Dhoni,celebrities,Critics who haven't achieved anything love to pull others down. 🇮🇳,0,2025-09-10 12:51:10,augmented,16055,6415,35600,66,11,0,0,0
MS Dhoni,celebrities,BREAKING: Family time is the best time. Cherish every moment with loved ones. (1/2),2,2025-09-10 12:51:10,augmented,15964,4404,44702,73,13,0,0,0
MS Dhoni,celebrities,On set for the new project. Long day ahead.,2,2025-09-10 12:51:10,augmented,4265,7534,32261,43,9,0,0,0
MS Dhoni,celebrities,On set for the new project. Long day ahead. #India,2,2025-09-10 12:51:10,augmented,34415,2939,18119,50,10,1,0,0
MS Dhoni,celebrities,media creating stories out of nothing. focus on real issues please. 🇮🇳,0,2025-09-10 12:51:10,augmented,50962,1656,4679,70,12,0,0,0
Sachin Tendulkar,celebrities,grateful for all the love and support from fans! you make it all worthwhile ❤️ (1/2),2,2025-09-10 12:51:10,augmented,54462,6598,19524,84,16,0,0,0
Sachin Tendulkar,celebrities,BREAKING: Media creating stories out of nothing. Focus on real issues please.,0,2025-09-10 12:51:10,augmented,76296,1511,49322,77,12,0,0,0
Sachin Tendulkar,celebrities,trolls need to get a life. spreading negativity won't affect my journey. (1/2),1,2025-09-10 12:51:10,augmented,9199,1249,19593,78,13,0,0,0
Sachin Tendulkar,celebrities,BREAKING: Nepotism debate again? Let's talk about talent and hard work instead. - via official handle,1,2025-09-10 12:51:10,augmented,82720,3276,34674,91,15,0,0,0
Priyanka Chopra,celebrities,On set for the new project. Long day ahead. #India,2,2025-09-10 12:51:10,augmented,49944,1534,9210,50,10,1,0,0
Priyanka Chopra,celebrities,Supporting education for underprivileged children. Every child deserves a chance.,2,2025-09-10 12:51:10,augmented,70674,6630,12474,81,10,0,0,0
Priyanka Chopra,celebrities,"RT @user: RT @supporter: Fitness is not about being better than someone else, it's about being better than you used to be.",2,2025-09-10 12:51:10,augmented,86521,2492,14664,112,20,0,1,0
Priyanka Chopra,celebrities,RT @supporter: Trolls need to get a life.. Spreading negativity won't affect my journey..,1,2025-09-10 12:51:10,augmented,1991,1595,25443,87,14,0,1,0
Priyanka Chopra,celebrities,Rehearsals going well. Performance next week. #India,2,2025-09-10 12:51:10,augmented,76602,4567,12100,52,7,1,0,0
Priyanka Chopra,celebrities,Critics who haven't achieved anything love to pull others down. #India,1,2025-09-10 12:51:10,augmented,89177,8748,8738,70,11,1,0,0
Priyanka Chopra,celebrities,Media creating stories out of nothing. Focus on real issues please.,0,2025-09-10 12:51:10,augmented,13808,866,13211,67,11,0,0,0
Priyanka Chopra,celebrities,"Fitness is not about being better than someone else, it's about being better than you used to be. (1/2) 🔥",2,2025-09-10 12:51:10,augmented,87741,6363,37390,103,19,0,0,0
Deepika Padukone,celebrities,RT @supporter: Trolls need to get a life. Spreading negativity won't affect my journey.,1,2025-09-10 12:51:10,augmented,90007,8090,18271,87,14,0,1,0
Deepika Padukone,celebrities,NEPOTISM DEBATE AGAIN? LET'S TALK ABOUT TALENT AND HARD WORK INSTEAD.,1,2025-09-10 12:51:10,augmented,87823,1113,19682,69,11,0,0,0
Deepika Padukone,celebrities,New movie releasing soon! Can't wait for you all to see it. #Cinema,2,2025-09-10 12:51:10,augmented,79232,4320,19575,67,13,1,0,0
Deepika Padukone,celebrities,People judge without knowing the full story. Truth always prevails. 🇮🇳,1,2025-09-10 12:51:10,augmented,37290,690,4373,70,11,0,0,0
Deepika Padukone,celebrities,Media creating stories out of nothing.. Focus on real issues please.. 🇮🇳,1,2025-09-10 12:51:10,augmented,27393,9068,35568,70,12,0,0,0
Deepika Padukone,celebrities,On set for the new project. Long day ahead. 🇮🇳 🔥,2,2025-09-10 12:51:10,augmented,44856,9571,11157,46,10,0,0,0
Deepika Padukone,celebrities,ON SET FOR THE NEW PROJECT. LONG DAY AHEAD. 🇮🇳,2,2025-09-10 12:51:10,augmented,45915,3144,23503,46,10,0,0,0
Deepika Padukone,celebrities,RT @supporter: Critics who haven't achieved anything love to pull others down.,1,2025-09-10 12:51:10,augmented,52899,803,8572,78,12,0,1,0
Deepika Padukone,celebrities,📢 Critics who haven't achieved anything love to pull others down.,1,2025-09-10 12:51:10,augmented,72350,6324,701,65,11,0,0,0
Deepika Padukone,celebrities,RT @supporter: Critics who haven't achieved anything love to pull others down..,1,2025-09-10 12:51:10,augmented,43054,7269,4389,78,12,0,1,0
Deepika Padukone,celebrities,RT @supporter: Trolls need to get a life. Spreading negativity won't affect my journey.,1,2025-09-10 12:51:10,augmented,44517,8750,34800,87,14,0,1,0
Deepika Padukone,celebrities,BREAKING: GRATEFUL FOR ALL THE LOVE AND SUPPORT FROM FANS! YOU MAKE IT ALL WORTHWHILE ❤️,2,2025-09-10 12:51:10,augmented,20787,4763,28615,78,15,0,0,0
AR Rahman,celebrities,MEDIA CREATING STORIES OUT OF NOTHING. FOCUS ON REAL ISSUES PLEASE. @ARRAHMAN,0,2025-09-10 12:51:10,augmented,70025,1918,29496,77,12,0,1,0
AR Rahman,celebrities,Rehearsals going well. Performance next week. 🇮🇳,2,2025-09-10 12:51:10,augmented,27438,2390,48767,48,7,0,0,0
AR Rahman,celebrities,rehearsals going well. performance next week.,2,2025-09-10 12:51:10,augmented,97405,1456,41366,45,6,0,0,0
AR Rahman,celebrities,BREAKING: Supporting education for underprivileged children. Every child deserves a chance.,2,2025-09-10 12:51:10,augmented,3199,8331,40147,91,11,0,0,0
AR Rahman,celebrities,BREAKING: ON SET FOR THE NEW PROJECT. LONG DAY AHEAD.,2,2025-09-10 12:51:10,augmented,49633,4090,41531,43,9,0,0,0
AR Rahman,celebrities,People judge without knowing the full story. Truth always prevails. #India,1,2025-09-10 12:51:10,augmented,47369,7546,16048,74,11,1,0,0
AR Rahman,celebrities,Supporting education for underprivileged children. Every child deserves a chance. - via official handle,2,2025-09-10 12:51:10,augmented,81266,421,29805,103,14,0,0,0
AR Rahman,celebrities,RT @supporter: Rehearsals going well. Performance next week.,2,2025-09-10 12:51:10,augmented,90630,8020,34635,60,8,0,1,0
AR Rahman,celebrities,RT @user: BLESSED TO WORK WITH SUCH TALENTED PEOPLE. EVERY DAY IS A LEARNING EXPERIENCE.,2,2025-09-10 12:51:10,augmented,54321,360,1094,78,13,0,0,0
Akshay Kumar,celebrities,RT @user: Thank you for making our film a blockbuster! Your love means everything.,2,2025-09-10 12:51:10,augmented,56721,6433,14758,72,12,0,0,0
Akshay Kumar,celebrities,GRATEFUL FOR ALL THE LOVE AND SUPPORT FROM FANS! YOU MAKE IT ALL WORTHWHILE ❤️ @AKSHAYKUMAR,2,2025-09-10 12:51:10,augmented,42307,3989,42205,91,16,0,1,0
Akshay Kumar,celebrities,BREAKING: Blessed to work with such talented people. Every day is a learning experience. 🇮🇳,2,2025-09-10 12:51:10,augmented,49113,7072,47123,81,14,0,0,0
Akshay Kumar,celebrities,People judge without knowing the full story. Truth always prevails. @AkshayKumar,1,2025-09-10 12:51:10,augmented,93855,9151,12318,80,11,0,1,0
Akshay Kumar,celebrities,People judge without knowing the full story. Truth always prevails. 🇮🇳,1,2025-09-10 12:51:10,augmented,79240,2342,17421,70,11,0,0,0
Akshay Kumar,celebrities,trolls need to get a life. spreading negativity won't affect my journey. (1/2),1,2025-09-10 12:51:10,augmented,52407,2561,1273,78,13,0,0,0
Akshay Kumar,celebrities,Thank you for making our film a blockbuster! Your love means everything.. - via official handle,2,2025-09-10 12:51:10,augmented,27608,3415,10166,94,16,0,0,0
Akshay Kumar,celebrities,meeting with the production team today. (1/2),2,2025-09-10 12:51:10,augmented,54446,9757,11812,45,7,0,0,0
Akshay Kumar,celebrities,On set for the new project. Long day ahead. - via official handle,2,2025-09-10 12:51:10,augmented,81603,9336,6375,65,13,0,0,0
Aamir Khan,celebrities,"MUSIC, SPORTS, CINEMA - ART UNITES US ALL. PROUD TO BE PART OF THIS INDUSTRY.",2,2025-09-10 12:51:10,augmented,8535,6325,28430,77,15,0,0,0
Aamir Khan,celebrities,People judge without knowing the full story. Truth always prevails. 🇮🇳 #Trending,0,2025-09-10 12:51:10,augmented,78537,8723,45283,70,11,0,0,0
Aamir Khan,celebrities,📢 Blessed to work with such talented people. Every day is a learning experience.,2,2025-09-10 12:51:10,augmented,45205,1294,37594,80,14,0,0,0
Aamir Khan,celebrities,BREAKING: People judge without knowing the full story. Truth always prevails. @AamirKhan,1,2025-09-10 12:51:10,augmented,64033,3558,45291,78,11,0,1,0
Aamir Khan,celebrities,📢 Trolls need to get a life. Spreading negativity won't affect my journey.,1,2025-09-10 12:51:10,augmented,65879,2025,44420,74,13,0,0,0
Aamir Khan,celebrities,"BREAKING: Dream big, work hard, stay humble. Success follows dedication. @AamirKhan",2,2025-09-10 12:51:10,augmented,77681,4604,27599,73,10,0,1,0
Aamir Khan,celebrities,RT @user: Blessed to work with such talented people. Every day is a learning experience. 🇮🇳,2,2025-09-10 12:51:10,augmented,15277,530,39352,81,14,0,0,0
Aamir Khan,celebrities,breaking: airport looks. heading to the next shoot location.,2,2025-09-10 12:51:10,augmented,85784,4621,20262,60,9,0,0,0
Aamir Khan,celebrities,Nepotism debate again? Let's talk about talent and hard work instead. 🇮🇳,1,2025-09-10 12:51:10,augmented,55241,1946,28371,72,12,0,0,0
